[09:44:47.230] === DankInstall Log ===
Started: 2026-03-19T09:44:47+05:30


[09:45:23.018] base-devel already installed
[09:45:23.238] Installing system packages: dgop
[09:45:23.482] resolving dependencies...
[09:45:23.485] looking for conflicting packages...
[09:45:23.500] 
[09:45:23.500] Package (1)            New Version  Net Change  Download Size
[09:45:23.500] 
[09:45:23.500] cachyos-extra-v3/dgop  0.2.2-1.1      9.49 MiB       3.06 MiB
[09:45:23.500] 
[09:45:23.500] Total Download Size:   3.06 MiB
[09:45:23.500] Total Installed Size:  9.49 MiB
[09:45:23.500] 
[09:45:23.501] :: Proceed with installation? [Y/n] 
[09:45:23.501] :: Retrieving packages...
[09:45:29.542]  dgop-0.2.2-1.1-x86_64_v3 downloading...
[09:45:29.542] checking keyring...
[09:45:29.555] checking package integrity...
[09:45:29.592] loading package files...
[09:45:29.593] checking for file conflicts...
[09:45:29.597] :: Running pre-transaction hooks...
[09:45:29.597] (1/1) Performing snapper pre snapshots for the following configurations...
[09:45:29.905] ==> root: 100
[09:45:29.927] :: Processing package changes...
[09:45:29.927] installing dgop...
[09:45:30.232] :: Running post-transaction hooks...
[09:45:30.232] (1/2) Arming ConditionNeedsUpdate...
[09:45:30.281] (2/2) Performing snapper post snapshots for the following configurations...
[09:45:30.468] ==> root: 101
[09:45:30.525] Installing AUR packages manually: dms-shell-bin, quickshell-git
[09:45:30.526] Cloning into '/home/deekshith/.cache/dankinstall/aur-builds/google-breakpad/google-breakpad'...
[09:45:33.359] warning: gcc-libs-15.2.1+r604+g0b99615a8aef-2 is up to date -- skipping
[09:45:33.360]  there is nothing to do
[09:45:33.616] warning: git-2.53.0-1.1 is up to date -- skipping
[09:45:33.628]  there is nothing to do
[09:45:36.428] ==> Making package: google-breakpad v2024.02.16-2 (Thursday 19 March 2026 09:45:36 AM)
[09:45:36.430] ==> Checking runtime dependencies...
[09:45:36.527] ==> Checking buildtime dependencies...
[09:45:36.628] ==> Retrieving sources...
[09:45:36.638]   -> Downloading google-breakpad-v2024.02.16.tar.gz...
[09:45:36.645]   % Total    % Received % Xferd  Average Speed  Time    Time    Time   Current
[09:45:36.645]                                  Dload  Upload  Total   Spent   Left   Speed
[09:45:39.765]   0      0   0      0   0      0      0      0                              0100   9563   0   9563   0      0   9100      0           00:01           9101100 437.0k   0 437.0k   0      0 200.7k      0           00:02         200.7k100  5.27M   0  5.27M   0      0  1.69M      0           00:03         200.7k100  5.27M   0  5.27M   0      0  1.69M      0           00:03         200.7k100  5.27M   0  5.27M   0      0  1.68M      0           00:03         200.7k
[09:45:39.781]   -> Downloading lss-v2024.02.01.tar.gz...
[09:45:39.788]   % Total    % Received % Xferd  Average Speed  Time    Time    Time   Current
[09:45:39.788]                                  Dload  Upload  Total   Spent   Left   Speed
[09:45:40.724]   0      0   0      0   0      0      0      0                              0100  43412   0  43412   0      0  46420      0                              0100  43412   0  43412   0      0  46415      0                              0100  43412   0  43412   0      0  46408      0                              0
[09:45:40.740] ==> Validating source files with sha256sums...
[09:45:40.746]     google-breakpad-v2024.02.16.tar.gz ... Skipped
[09:45:40.752]     lss-v2024.02.01.tar.gz ... Skipped
[09:45:40.767] ==> Extracting sources...
[09:45:40.835]   -> Extracting google-breakpad-v2024.02.16.tar.gz with bsdtar
[09:45:40.974] ==> Starting prepare()...
[09:45:40.994] ==> Starting build()...
[09:45:40.994] Configuring
[09:45:43.816] configure.ac:63: warning: The macro 'AC_LANG_C' is obsolete.
[09:45:43.816] configure.ac:63: You should run autoupdate.
[09:45:43.816] ./lib/autoconf/c.m4:72: AC_LANG_C is expanded from...
[09:45:43.816] m4/ax_pthread.m4:81: AX_PTHREAD is expanded from...
[09:45:43.816] configure.ac:63: the top level
[09:45:43.816] configure.ac:63: warning: The macro 'AC_TRY_LINK' is obsolete.
[09:45:43.816] configure.ac:63: You should run autoupdate.
[09:45:43.816] ./lib/autoconf/general.m4:2918: AC_TRY_LINK is expanded from...
[09:45:43.816] m4/ax_pthread.m4:81: AX_PTHREAD is expanded from...
[09:45:43.816] configure.ac:63: the top level
[09:45:45.086] checking build system type... x86_64-pc-linux-gnu
[09:45:45.086] checking host system type... x86_64-pc-linux-gnu
[09:45:45.099] checking for a BSD-compatible install... /usr/bin/install -c
[09:45:45.102] checking whether sleep supports fractional seconds... yes
[09:45:45.209] checking filesystem timestamp resolution... 0.01
[09:45:45.213] checking whether build environment is sane... yes
[09:45:45.223] checking for a race-free mkdir -p... /usr/bin/mkdir -p
[09:45:45.224] checking for gawk... gawk
[09:45:45.238] checking whether make sets $(MAKE)... yes
[09:45:45.250] checking whether make supports nested variables... yes
[09:45:45.260] checking xargs -n works... yes
[09:45:45.266] checking whether UID '1000' is supported by ustar format... yes
[09:45:45.266] checking whether GID '1000' is supported by ustar format... yes
[09:45:45.290] checking how to create a ustar tar archive... gnutar
[09:45:45.290] checking whether to enable maintainer-specific portions of Makefiles... no
[09:45:45.304] checking whether make supports the include directive... yes (GNU style)
[09:45:45.305] checking for gcc... gcc
[09:45:45.485] checking whether the C compiler works... yes
[09:45:45.485] checking for C compiler default output file name... a.out
[09:45:45.579] checking for suffix of executables... 
[09:45:45.699] checking whether we are cross compiling... no
[09:45:45.720] checking for suffix of object files... o
[09:45:45.740] checking whether the compiler supports GNU C... yes
[09:45:45.773] checking whether gcc accepts -g... yes
[09:45:45.805] checking for gcc option to enable C11 features... none needed
[09:45:45.858] checking whether gcc understands -c and -o together... yes
[09:45:45.909] checking dependency style of gcc... gcc3
[09:45:45.909] checking for ar... ar
[09:45:45.953] checking the archiver (ar) interface... ar
[09:45:46.002] checking dependency style of gcc... gcc3
[09:45:46.003] checking for gcc... (cached) gcc
[09:45:46.040] checking whether the compiler supports GNU C... (cached) yes
[09:45:46.040] checking whether gcc accepts -g... (cached) yes
[09:45:46.040] checking for gcc option to enable C11 features... (cached) none needed
[09:45:46.041] checking whether gcc understands -c and -o together... (cached) yes
[09:45:46.041] checking dependency style of gcc... (cached) gcc3
[09:45:46.082] checking how to run the C preprocessor... gcc -E
[09:45:46.116] checking for g++... g++
[09:45:46.202] checking whether the compiler supports GNU C++... yes
[09:45:46.232] checking whether g++ accepts -g... yes
[09:45:46.322] checking for g++ option to enable C++11 features... none needed
[09:45:46.372] checking dependency style of g++... gcc3
[09:45:46.372] checking for ranlib... ranlib
[09:45:46.418] checking for gcc option to enable large file support... none needed
[09:45:46.462] checking for the pthreads library -lpthreads... no
[09:45:46.570] checking whether pthreads work without any flags... yes
[09:45:46.672] checking for joinable pthread attribute... PTHREAD_CREATE_JOINABLE
[09:45:46.672] checking if more special flags are required for pthreads... no
[09:45:46.699] checking for stdio.h... yes
[09:45:46.731] checking for stdlib.h... yes
[09:45:46.771] checking for string.h... yes
[09:45:46.818] checking for inttypes.h... yes
[09:45:46.854] checking for stdint.h... yes
[09:45:46.892] checking for strings.h... yes
[09:45:46.935] checking for sys/stat.h... yes
[09:45:46.968] checking for sys/types.h... yes
[09:45:47.015] checking for unistd.h... yes
[09:45:47.056] checking for a.out.h... yes
[09:45:47.104] checking for sys/mman.h... yes
[09:45:47.144] checking for sys/random.h... yes
[09:45:47.241] checking for arc4random... yes
[09:45:47.338] checking for getcontext... yes
[09:45:47.431] checking for getrandom... yes
[09:45:47.530] checking for memfd_create... yes
[09:45:47.602] checking whether g++ supports C++17 features by default... yes
[09:45:47.646] checking whether C++ compiler accepts -Werror=unknown-warning-option... no
[09:45:47.670] checking whether C++ compiler accepts -Wmissing-braces... yes
[09:45:47.699] checking whether C++ compiler accepts -Wnon-virtual-dtor... yes
[09:45:47.722] checking whether C++ compiler accepts -Woverloaded-virtual... yes
[09:45:47.746] checking whether C++ compiler accepts -Wreorder... yes
[09:45:47.771] checking whether C++ compiler accepts -Wsign-compare... yes
[09:45:47.796] checking whether C++ compiler accepts -Wunused-local-typedefs... yes
[09:45:47.822] checking whether C++ compiler accepts -Wunused-variable... yes
[09:45:47.847] checking whether C++ compiler accepts -Wvla... yes
[09:45:47.877] checking for O_CLOEXEC defined in fcntl.h... yes
[09:45:47.905] checking that generated files are newer than configure... done
[09:45:47.906] configure: creating ./config.status
[09:45:48.007] config.status: creating breakpad.pc
[09:45:48.021] config.status: creating breakpad-client.pc
[09:45:48.037] config.status: creating Makefile
[09:45:48.079] config.status: creating src/config.h
[09:45:48.099] config.status: executing depfiles commands
[09:45:48.897] Building
[09:45:48.935] depbase=`echo src/common/convert_UTF.o | sed 's|[^/]*$|.deps/&|;s|\.o$||'`;\
[09:45:48.935] g++ -DHAVE_CONFIG_H -I. -I./src  -I./src   -Wmissing-braces -Wnon-virtual-dtor -Woverloaded-virtual -Wreorder -Wsign-compare -Wunused-local-typedefs -Wunused-variable -Wvla -Werror -fPIC -march=native -O3 -pipe -fno-plt -fexceptions         -Wp,-D_FORTIFY_SOURCE=3 -Wformat -Werror=format-security         -fstack-clash-protection -fcf-protection -Wp,-D_GLIBCXX_ASSERTIONS -flto=auto -MT src/common/convert_UTF.o -MD -MP -MF $depbase.Tpo -c -o src/common/convert_UTF.o src/common/convert_UTF.cc &&\
[09:45:48.936] mv -f $depbase.Tpo $depbase.Po
[09:45:48.936] depbase=`echo src/common/md5.o | sed 's|[^/]*$|.deps/&|;s|\.o$||'`;\
[09:45:48.936] g++ -DHAVE_CONFIG_H -I. -I./src  -I./src   -Wmissing-braces -Wnon-virtual-dtor -Woverloaded-virtual -Wreorder -Wsign-compare -Wunused-local-typedefs -Wunused-variable -Wvla -Werror -fPIC -march=native -O3 -pipe -fno-plt -fexceptions         -Wp,-D_FORTIFY_SOURCE=3 -Wformat -Werror=format-security         -fstack-clash-protection -fcf-protection -Wp,-D_GLIBCXX_ASSERTIONS -flto=auto -MT src/common/md5.o -MD -MP -MF $depbase.Tpo -c -o src/common/md5.o src/common/md5.cc &&\
[09:45:48.937] mv -f $depbase.Tpo $depbase.Po
[09:45:48.937] depbase=`echo src/common/string_conversion.o | sed 's|[^/]*$|.deps/&|;s|\.o$||'`;\
[09:45:48.937] g++ -DHAVE_CONFIG_H -I. -I./src  -I./src   -Wmissing-braces -Wnon-virtual-dtor -Woverloaded-virtual -Wreorder -Wsign-compare -Wunused-local-typedefs -Wunused-variable -Wvla -Werror -fPIC -march=native -O3 -pipe -fno-plt -fexceptions         -Wp,-D_FORTIFY_SOURCE=3 -Wformat -Werror=format-security         -fstack-clash-protection -fcf-protection -Wp,-D_GLIBCXX_ASSERTIONS -flto=auto -MT src/common/string_conversion.o -MD -MP -MF $depbase.Tpo -c -o src/common/string_conversion.o src/common/string_conversion.cc &&\
[09:45:48.937] mv -f $depbase.Tpo $depbase.Po
[09:45:48.938] depbase=`echo src/common/linux/elf_core_dump.o | sed 's|[^/]*$|.deps/&|;s|\.o$||'`;\
[09:45:48.938] g++ -DHAVE_CONFIG_H -I. -I./src  -I./src   -Wmissing-braces -Wnon-virtual-dtor -Woverloaded-virtual -Wreorder -Wsign-compare -Wunused-local-typedefs -Wunused-variable -Wvla -Werror -fPIC -march=native -O3 -pipe -fno-plt -fexceptions         -Wp,-D_FORTIFY_SOURCE=3 -Wformat -Werror=format-security         -fstack-clash-protection -fcf-protection -Wp,-D_GLIBCXX_ASSERTIONS -flto=auto -MT src/common/linux/elf_core_dump.o -MD -MP -MF $depbase.Tpo -c -o src/common/linux/elf_core_dump.o src/common/linux/elf_core_dump.cc &&\
[09:45:48.938] mv -f $depbase.Tpo $depbase.Po
[09:45:48.938] depbase=`echo src/common/linux/elfutils.o | sed 's|[^/]*$|.deps/&|;s|\.o$||'`;\
[09:45:48.938] g++ -DHAVE_CONFIG_H -I. -I./src  -I./src   -Wmissing-braces -Wnon-virtual-dtor -Woverloaded-virtual -Wreorder -Wsign-compare -Wunused-local-typedefs -Wunused-variable -Wvla -Werror -fPIC -march=native -O3 -pipe -fno-plt -fexceptions         -Wp,-D_FORTIFY_SOURCE=3 -Wformat -Werror=format-security         -fstack-clash-protection -fcf-protection -Wp,-D_GLIBCXX_ASSERTIONS -flto=auto -MT src/common/linux/elfutils.o -MD -MP -MF $depbase.Tpo -c -o src/common/linux/elfutils.o src/common/linux/elfutils.cc &&\
[09:45:48.938] mv -f $depbase.Tpo $depbase.Po
[09:45:48.939] depbase=`echo src/common/linux/file_id.o | sed 's|[^/]*$|.deps/&|;s|\.o$||'`;\
[09:45:48.939] g++ -DHAVE_CONFIG_H -I. -I./src  -I./src   -Wmissing-braces -Wnon-virtual-dtor -Woverloaded-virtual -Wreorder -Wsign-compare -Wunused-local-typedefs -Wunused-variable -Wvla -Werror -fPIC -march=native -O3 -pipe -fno-plt -fexceptions         -Wp,-D_FORTIFY_SOURCE=3 -Wformat -Werror=format-security         -fstack-clash-protection -fcf-protection -Wp,-D_GLIBCXX_ASSERTIONS -flto=auto -MT src/common/linux/file_id.o -MD -MP -MF $depbase.Tpo -c -o src/common/linux/file_id.o src/common/linux/file_id.cc &&\
[09:45:48.939] mv -f $depbase.Tpo $depbase.Po
[09:45:48.940] depbase=`echo src/common/linux/guid_creator.o | sed 's|[^/]*$|.deps/&|;s|\.o$||'`;\
[09:45:48.940] g++ -DHAVE_CONFIG_H -I. -I./src  -I./src   -Wmissing-braces -Wnon-virtual-dtor -Woverloaded-virtual -Wreorder -Wsign-compare -Wunused-local-typedefs -Wunused-variable -Wvla -Werror -fPIC -march=native -O3 -pipe -fno-plt -fexceptions         -Wp,-D_FORTIFY_SOURCE=3 -Wformat -Werror=format-security         -fstack-clash-protection -fcf-protection -Wp,-D_GLIBCXX_ASSERTIONS -flto=auto -MT src/common/linux/guid_creator.o -MD -MP -MF $depbase.Tpo -c -o src/common/linux/guid_creator.o src/common/linux/guid_creator.cc &&\
[09:45:48.940] mv -f $depbase.Tpo $depbase.Po
[09:45:48.940] depbase=`echo src/common/linux/linux_libc_support.o | sed 's|[^/]*$|.deps/&|;s|\.o$||'`;\
[09:45:48.940] g++ -DHAVE_CONFIG_H -I. -I./src  -I./src   -Wmissing-braces -Wnon-virtual-dtor -Woverloaded-virtual -Wreorder -Wsign-compare -Wunused-local-typedefs -Wunused-variable -Wvla -Werror -fPIC -march=native -O3 -pipe -fno-plt -fexceptions         -Wp,-D_FORTIFY_SOURCE=3 -Wformat -Werror=format-security         -fstack-clash-protection -fcf-protection -Wp,-D_GLIBCXX_ASSERTIONS -flto=auto -MT src/common/linux/linux_libc_support.o -MD -MP -MF $depbase.Tpo -c -o src/common/linux/linux_libc_support.o src/common/linux/linux_libc_support.cc &&\
[09:45:48.940] mv -f $depbase.Tpo $depbase.Po
[09:45:48.941] depbase=`echo src/common/linux/memory_mapped_file.o | sed 's|[^/]*$|.deps/&|;s|\.o$||'`;\
[09:45:48.941] g++ -DHAVE_CONFIG_H -I. -I./src  -I./src   -Wmissing-braces -Wnon-virtual-dtor -Woverloaded-virtual -Wreorder -Wsign-compare -Wunused-local-typedefs -Wunused-variable -Wvla -Werror -fPIC -march=native -O3 -pipe -fno-plt -fexceptions         -Wp,-D_FORTIFY_SOURCE=3 -Wformat -Werror=format-security         -fstack-clash-protection -fcf-protection -Wp,-D_GLIBCXX_ASSERTIONS -flto=auto -MT src/common/linux/memory_mapped_file.o -MD -MP -MF $depbase.Tpo -c -o src/common/linux/memory_mapped_file.o src/common/linux/memory_mapped_file.cc &&\
[09:45:48.941] mv -f $depbase.Tpo $depbase.Po
[09:45:48.942] depbase=`echo src/common/linux/safe_readlink.o | sed 's|[^/]*$|.deps/&|;s|\.o$||'`;\
[09:45:48.942] g++ -DHAVE_CONFIG_H -I. -I./src  -I./src   -Wmissing-braces -Wnon-virtual-dtor -Woverloaded-virtual -Wreorder -Wsign-compare -Wunused-local-typedefs -Wunused-variable -Wvla -Werror -fPIC -march=native -O3 -pipe -fno-plt -fexceptions         -Wp,-D_FORTIFY_SOURCE=3 -Wformat -Werror=format-security         -fstack-clash-protection -fcf-protection -Wp,-D_GLIBCXX_ASSERTIONS -flto=auto -MT src/common/linux/safe_readlink.o -MD -MP -MF $depbase.Tpo -c -o src/common/linux/safe_readlink.o src/common/linux/safe_readlink.cc &&\
[09:45:48.942] mv -f $depbase.Tpo $depbase.Po
[09:45:48.954] g++ -DHAVE_CONFIG_H -I. -I./src  -I./src    -march=native -O3 -pipe -fno-plt -fexceptions         -Wp,-D_FORTIFY_SOURCE=3 -Wformat -Werror=format-security         -fstack-clash-protection -fcf-protection -Wp,-D_GLIBCXX_ASSERTIONS -flto=auto -MT src/common/tools_linux_dump_syms_dump_syms-dwarf_cfi_to_module.o -MD -MP -MF src/common/.deps/tools_linux_dump_syms_dump_syms-dwarf_cfi_to_module.Tpo -c -o src/common/tools_linux_dump_syms_dump_syms-dwarf_cfi_to_module.o `test -f 'src/common/dwarf_cfi_to_module.cc' || echo '[REDACTED]'`src/common/dwarf_cfi_to_module.cc
[09:45:48.981] g++ -DHAVE_CONFIG_H -I. -I./src  -I./src    -march=native -O3 -pipe -fno-plt -fexceptions         -Wp,-D_FORTIFY_SOURCE=3 -Wformat -Werror=format-security         -fstack-clash-protection -fcf-protection -Wp,-D_GLIBCXX_ASSERTIONS -flto=auto -MT src/common/tools_linux_dump_syms_dump_syms-dwarf_cu_to_module.o -MD -MP -MF src/common/.deps/tools_linux_dump_syms_dump_syms-dwarf_cu_to_module.Tpo -c -o src/common/tools_linux_dump_syms_dump_syms-dwarf_cu_to_module.o `test -f 'src/common/dwarf_cu_to_module.cc' || echo '[REDACTED]'`src/common/dwarf_cu_to_module.cc
[09:45:49.031] g++ -DHAVE_CONFIG_H -I. -I./src  -I./src    -march=native -O3 -pipe -fno-plt -fexceptions         -Wp,-D_FORTIFY_SOURCE=3 -Wformat -Werror=format-security         -fstack-clash-protection -fcf-protection -Wp,-D_GLIBCXX_ASSERTIONS -flto=auto -MT src/common/tools_linux_dump_syms_dump_syms-dwarf_line_to_module.o -MD -MP -MF src/common/.deps/tools_linux_dump_syms_dump_syms-dwarf_line_to_module.Tpo -c -o src/common/tools_linux_dump_syms_dump_syms-dwarf_line_to_module.o `test -f 'src/common/dwarf_line_to_module.cc' || echo '[REDACTED]'`src/common/dwarf_line_to_module.cc
[09:45:49.038] g++ -DHAVE_CONFIG_H -I. -I./src  -I./src    -march=native -O3 -pipe -fno-plt -fexceptions         -Wp,-D_FORTIFY_SOURCE=3 -Wformat -Werror=format-security         -fstack-clash-protection -fcf-protection -Wp,-D_GLIBCXX_ASSERTIONS -flto=auto -MT src/common/tools_linux_dump_syms_dump_syms-dwarf_range_list_handler.o -MD -MP -MF src/common/.deps/tools_linux_dump_syms_dump_syms-dwarf_range_list_handler.Tpo -c -o src/common/tools_linux_dump_syms_dump_syms-dwarf_range_list_handler.o `test -f 'src/common/dwarf_range_list_handler.cc' || echo '[REDACTED]'`src/common/dwarf_range_list_handler.cc
[09:45:49.041] g++ -DHAVE_CONFIG_H -I. -I./src  -I./src    -march=native -O3 -pipe -fno-plt -fexceptions         -Wp,-D_FORTIFY_SOURCE=3 -Wformat -Werror=format-security         -fstack-clash-protection -fcf-protection -Wp,-D_GLIBCXX_ASSERTIONS -flto=auto -MT src/common/tools_linux_dump_syms_dump_syms-language.o -MD -MP -MF src/common/.deps/tools_linux_dump_syms_dump_syms-language.Tpo -c -o src/common/tools_linux_dump_syms_dump_syms-language.o `test -f 'src/common/language.cc' || echo '[REDACTED]'`src/common/language.cc
[09:45:49.083] g++ -DHAVE_CONFIG_H -I. -I./src  -I./src    -march=native -O3 -pipe -fno-plt -fexceptions         -Wp,-D_FORTIFY_SOURCE=3 -Wformat -Werror=format-security         -fstack-clash-protection -fcf-protection -Wp,-D_GLIBCXX_ASSERTIONS -flto=auto -MT src/common/tools_linux_dump_syms_dump_syms-module.o -MD -MP -MF src/common/.deps/tools_linux_dump_syms_dump_syms-module.Tpo -c -o src/common/tools_linux_dump_syms_dump_syms-module.o `test -f 'src/common/module.cc' || echo '[REDACTED]'`src/common/module.cc
[09:45:49.105] g++ -DHAVE_CONFIG_H -I. -I./src  -I./src    -march=native -O3 -pipe -fno-plt -fexceptions         -Wp,-D_FORTIFY_SOURCE=3 -Wformat -Werror=format-security         -fstack-clash-protection -fcf-protection -Wp,-D_GLIBCXX_ASSERTIONS -flto=auto -MT src/common/tools_linux_dump_syms_dump_syms-path_helper.o -MD -MP -MF src/common/.deps/tools_linux_dump_syms_dump_syms-path_helper.Tpo -c -o src/common/tools_linux_dump_syms_dump_syms-path_helper.o `test -f 'src/common/path_helper.cc' || echo '[REDACTED]'`src/common/path_helper.cc
[09:45:49.107] g++ -DHAVE_CONFIG_H -I. -I./src  -I./src    -march=native -O3 -pipe -fno-plt -fexceptions         -Wp,-D_FORTIFY_SOURCE=3 -Wformat -Werror=format-security         -fstack-clash-protection -fcf-protection -Wp,-D_GLIBCXX_ASSERTIONS -flto=auto -MT src/common/tools_linux_dump_syms_dump_syms-stabs_reader.o -MD -MP -MF src/common/.deps/tools_linux_dump_syms_dump_syms-stabs_reader.Tpo -c -o src/common/tools_linux_dump_syms_dump_syms-stabs_reader.o `test -f 'src/common/stabs_reader.cc' || echo '[REDACTED]'`src/common/stabs_reader.cc
[09:45:49.121] g++ -DHAVE_CONFIG_H -I. -I./src  -I./src    -march=native -O3 -pipe -fno-plt -fexceptions         -Wp,-D_FORTIFY_SOURCE=3 -Wformat -Werror=format-security         -fstack-clash-protection -fcf-protection -Wp,-D_GLIBCXX_ASSERTIONS -flto=auto -MT src/common/tools_linux_dump_syms_dump_syms-stabs_to_module.o -MD -MP -MF src/common/.deps/tools_linux_dump_syms_dump_syms-stabs_to_module.Tpo -c -o src/common/tools_linux_dump_syms_dump_syms-stabs_to_module.o `test -f 'src/common/stabs_to_module.cc' || echo '[REDACTED]'`src/common/stabs_to_module.cc
[09:45:49.415] g++ -DHAVE_CONFIG_H -I. -I./src  -I./src    -march=native -O3 -pipe -fno-plt -fexceptions         -Wp,-D_FORTIFY_SOURCE=3 -Wformat -Werror=format-security         -fstack-clash-protection -fcf-protection -Wp,-D_GLIBCXX_ASSERTIONS -flto=auto -MT src/common/linux/tools_linux_dump_syms_dump_syms-crc32.o -MD -MP -MF src/common/linux/.deps/tools_linux_dump_syms_dump_syms-crc32.Tpo -c -o src/common/linux/tools_linux_dump_syms_dump_syms-crc32.o `test -f 'src/common/linux/crc32.cc' || echo '[REDACTED]'`src/common/linux/crc32.cc
[09:45:49.435] mv -f src/common/.deps/tools_linux_dump_syms_dump_syms-language.Tpo src/common/.deps/tools_linux_dump_syms_dump_syms-language.Po
[09:45:49.435] g++ -DHAVE_CONFIG_H -I. -I./src  -I./src    -march=native -O3 -pipe -fno-plt -fexceptions         -Wp,-D_FORTIFY_SOURCE=3 -Wformat -Werror=format-security         -fstack-clash-protection -fcf-protection -Wp,-D_GLIBCXX_ASSERTIONS -flto=auto -MT src/common/linux/tools_linux_dump_syms_dump_syms-dump_symbols.o -MD -MP -MF src/common/linux/.deps/tools_linux_dump_syms_dump_syms-dump_symbols.Tpo -c -o src/common/linux/tools_linux_dump_syms_dump_syms-dump_symbols.o `test -f 'src/common/linux/dump_symbols.cc' || echo '[REDACTED]'`src/common/linux/dump_symbols.cc
[09:45:49.595] g++ -DHAVE_CONFIG_H -I. -I./src  -I./src    -march=native -O3 -pipe -fno-plt -fexceptions         -Wp,-D_FORTIFY_SOURCE=3 -Wformat -Werror=format-security         -fstack-clash-protection -fcf-protection -Wp,-D_GLIBCXX_ASSERTIONS -flto=auto -MT src/common/linux/tools_linux_dump_syms_dump_syms-elf_symbols_to_module.o -MD -MP -MF src/common/linux/.deps/tools_linux_dump_syms_dump_syms-elf_symbols_to_module.Tpo -c -o src/common/linux/tools_linux_dump_syms_dump_syms-elf_symbols_to_module.o `test -f 'src/common/linux/elf_symbols_to_module.cc' || echo '[REDACTED]'`src/common/linux/elf_symbols_to_module.cc
[09:45:49.597] mv -f src/common/.deps/tools_linux_dump_syms_dump_syms-path_helper.Tpo src/common/.deps/tools_linux_dump_syms_dump_syms-path_helper.Po
[09:45:49.600] g++ -DHAVE_CONFIG_H -I. -I./src  -I./src    -march=native -O3 -pipe -fno-plt -fexceptions         -Wp,-D_FORTIFY_SOURCE=3 -Wformat -Werror=format-security         -fstack-clash-protection -fcf-protection -Wp,-D_GLIBCXX_ASSERTIONS -flto=auto -MT src/common/linux/tools_linux_dump_syms_dump_syms-elfutils.o -MD -MP -MF src/common/linux/.deps/tools_linux_dump_syms_dump_syms-elfutils.Tpo -c -o src/common/linux/tools_linux_dump_syms_dump_syms-elfutils.o `test -f 'src/common/linux/elfutils.cc' || echo '[REDACTED]'`src/common/linux/elfutils.cc
[09:45:49.603] g++ -DHAVE_CONFIG_H -I. -I./src  -I./src    -march=native -O3 -pipe -fno-plt -fexceptions         -Wp,-D_FORTIFY_SOURCE=3 -Wformat -Werror=format-security         -fstack-clash-protection -fcf-protection -Wp,-D_GLIBCXX_ASSERTIONS -flto=auto -MT src/common/linux/tools_linux_dump_syms_dump_syms-file_id.o -MD -MP -MF src/common/linux/.deps/tools_linux_dump_syms_dump_syms-file_id.Tpo -c -o src/common/linux/tools_linux_dump_syms_dump_syms-file_id.o `test -f 'src/common/linux/file_id.cc' || echo '[REDACTED]'`src/common/linux/file_id.cc
[09:45:49.705] mv -f src/common/.deps/tools_linux_dump_syms_dump_syms-stabs_reader.Tpo src/common/.deps/tools_linux_dump_syms_dump_syms-stabs_reader.Po
[09:45:49.707] g++ -DHAVE_CONFIG_H -I. -I./src  -I./src    -march=native -O3 -pipe -fno-plt -fexceptions         -Wp,-D_FORTIFY_SOURCE=3 -Wformat -Werror=format-security         -fstack-clash-protection -fcf-protection -Wp,-D_GLIBCXX_ASSERTIONS -flto=auto -MT src/common/linux/tools_linux_dump_syms_dump_syms-linux_libc_support.o -MD -MP -MF src/common/linux/.deps/tools_linux_dump_syms_dump_syms-linux_libc_support.Tpo -c -o src/common/linux/tools_linux_dump_syms_dump_syms-linux_libc_support.o `test -f 'src/common/linux/linux_libc_support.cc' || echo '[REDACTED]'`src/common/linux/linux_libc_support.cc
[09:45:49.721] mv -f src/common/linux/.deps/tools_linux_dump_syms_dump_syms-crc32.Tpo src/common/linux/.deps/tools_linux_dump_syms_dump_syms-crc32.Po
[09:45:49.723] g++ -DHAVE_CONFIG_H -I. -I./src  -I./src    -march=native -O3 -pipe -fno-plt -fexceptions         -Wp,-D_FORTIFY_SOURCE=3 -Wformat -Werror=format-security         -fstack-clash-protection -fcf-protection -Wp,-D_GLIBCXX_ASSERTIONS -flto=auto -MT src/common/linux/tools_linux_dump_syms_dump_syms-memory_mapped_file.o -MD -MP -MF src/common/linux/.deps/tools_linux_dump_syms_dump_syms-memory_mapped_file.Tpo -c -o src/common/linux/tools_linux_dump_syms_dump_syms-memory_mapped_file.o `test -f 'src/common/linux/memory_mapped_file.cc' || echo '[REDACTED]'`src/common/linux/memory_mapped_file.cc
[09:45:49.763] mv -f src/common/linux/.deps/tools_linux_dump_syms_dump_syms-linux_libc_support.Tpo src/common/linux/.deps/tools_linux_dump_syms_dump_syms-linux_libc_support.Po
[09:45:49.765] g++ -DHAVE_CONFIG_H -I. -I./src  -I./src    -march=native -O3 -pipe -fno-plt -fexceptions         -Wp,-D_FORTIFY_SOURCE=3 -Wformat -Werror=format-security         -fstack-clash-protection -fcf-protection -Wp,-D_GLIBCXX_ASSERTIONS -flto=auto -MT src/common/linux/tools_linux_dump_syms_dump_syms-safe_readlink.o -MD -MP -MF src/common/linux/.deps/tools_linux_dump_syms_dump_syms-safe_readlink.Tpo -c -o src/common/linux/tools_linux_dump_syms_dump_syms-safe_readlink.o `test -f 'src/common/linux/safe_readlink.cc' || echo '[REDACTED]'`src/common/linux/safe_readlink.cc
[09:45:49.846] mv -f src/common/linux/.deps/tools_linux_dump_syms_dump_syms-memory_mapped_file.Tpo src/common/linux/.deps/tools_linux_dump_syms_dump_syms-memory_mapped_file.Po
[09:45:49.875] depbase=`echo src/common/linux/http_upload.o | sed 's|[^/]*$|.deps/&|;s|\.o$||'`;\
[09:45:49.875] g++ -DHAVE_CONFIG_H -I. -I./src  -I./src   -Wmissing-braces -Wnon-virtual-dtor -Woverloaded-virtual -Wreorder -Wsign-compare -Wunused-local-typedefs -Wunused-variable -Wvla -Werror -fPIC -march=native -O3 -pipe -fno-plt -fexceptions         -Wp,-D_FORTIFY_SOURCE=3 -Wformat -Werror=format-security         -fstack-clash-protection -fcf-protection -Wp,-D_GLIBCXX_ASSERTIONS -flto=auto -MT src/common/linux/http_upload.o -MD -MP -MF $depbase.Tpo -c -o src/common/linux/http_upload.o src/common/linux/http_upload.cc &&\
[09:45:49.875] mv -f $depbase.Tpo $depbase.Po
[09:45:49.878] mv -f src/common/linux/.deps/tools_linux_dump_syms_dump_syms-safe_readlink.Tpo src/common/linux/.deps/tools_linux_dump_syms_dump_syms-safe_readlink.Po
[09:45:49.898] depbase=`echo src/common/linux/libcurl_wrapper.o | sed 's|[^/]*$|.deps/&|;s|\.o$||'`;\
[09:45:49.898] g++ -DHAVE_CONFIG_H -I. -I./src  -I./src   -Wmissing-braces -Wnon-virtual-dtor -Woverloaded-virtual -Wreorder -Wsign-compare -Wunused-local-typedefs -Wunused-variable -Wvla -Werror -fPIC -march=native -O3 -pipe -fno-plt -fexceptions         -Wp,-D_FORTIFY_SOURCE=3 -Wformat -Werror=format-security         -fstack-clash-protection -fcf-protection -Wp,-D_GLIBCXX_ASSERTIONS -flto=auto -MT src/common/linux/libcurl_wrapper.o -MD -MP -MF $depbase.Tpo -c -o src/common/linux/libcurl_wrapper.o src/common/linux/libcurl_wrapper.cc &&\
[09:45:49.898] mv -f $depbase.Tpo $depbase.Po
[09:45:49.936] mv -f src/common/.deps/tools_linux_dump_syms_dump_syms-dwarf_range_list_handler.Tpo src/common/.deps/tools_linux_dump_syms_dump_syms-dwarf_range_list_handler.Po
[09:45:49.939] depbase=`echo src/common/linux/symbol_collector_client.o | sed 's|[^/]*$|.deps/&|;s|\.o$||'`;\
[09:45:49.939] g++ -DHAVE_CONFIG_H -I. -I./src  -I./src   -Wmissing-braces -Wnon-virtual-dtor -Woverloaded-virtual -Wreorder -Wsign-compare -Wunused-local-typedefs -Wunused-variable -Wvla -Werror -fPIC -march=native -O3 -pipe -fno-plt -fexceptions         -Wp,-D_FORTIFY_SOURCE=3 -Wformat -Werror=format-security         -fstack-clash-protection -fcf-protection -Wp,-D_GLIBCXX_ASSERTIONS -flto=auto -MT src/common/linux/symbol_collector_client.o -MD -MP -MF $depbase.Tpo -c -o src/common/linux/symbol_collector_client.o src/common/linux/symbol_collector_client.cc &&\
[09:45:49.939] mv -f $depbase.Tpo $depbase.Po
[09:45:50.009] mv -f src/common/linux/.deps/tools_linux_dump_syms_dump_syms-elfutils.Tpo src/common/linux/.deps/tools_linux_dump_syms_dump_syms-elfutils.Po
[09:45:50.012] depbase=`echo src/common/linux/symbol_upload.o | sed 's|[^/]*$|.deps/&|;s|\.o$||'`;\
[09:45:50.012] g++ -DHAVE_CONFIG_H -I. -I./src  -I./src   -Wmissing-braces -Wnon-virtual-dtor -Woverloaded-virtual -Wreorder -Wsign-compare -Wunused-local-typedefs -Wunused-variable -Wvla -Werror -fPIC -march=native -O3 -pipe -fno-plt -fexceptions         -Wp,-D_FORTIFY_SOURCE=3 -Wformat -Werror=format-security         -fstack-clash-protection -fcf-protection -Wp,-D_GLIBCXX_ASSERTIONS -flto=auto -MT src/common/linux/symbol_upload.o -MD -MP -MF $depbase.Tpo -c -o src/common/linux/symbol_upload.o src/common/linux/symbol_upload.cc &&\
[09:45:50.012] mv -f $depbase.Tpo $depbase.Po
[09:45:50.141] mv -f src/common/.deps/tools_linux_dump_syms_dump_syms-dwarf_line_to_module.Tpo src/common/.deps/tools_linux_dump_syms_dump_syms-dwarf_line_to_module.Po
[09:45:50.145] depbase=`echo src/tools/linux/symupload/sym_upload.o | sed 's|[^/]*$|.deps/&|;s|\.o$||'`;\
[09:45:50.145] g++ -DHAVE_CONFIG_H -I. -I./src  -I./src   -Wmissing-braces -Wnon-virtual-dtor -Woverloaded-virtual -Wreorder -Wsign-compare -Wunused-local-typedefs -Wunused-variable -Wvla -Werror -fPIC -march=native -O3 -pipe -fno-plt -fexceptions         -Wp,-D_FORTIFY_SOURCE=3 -Wformat -Werror=format-security         -fstack-clash-protection -fcf-protection -Wp,-D_GLIBCXX_ASSERTIONS -flto=auto -MT src/tools/linux/symupload/sym_upload.o -MD -MP -MF $depbase.Tpo -c -o src/tools/linux/symupload/sym_upload.o src/tools/linux/symupload/sym_upload.cc &&\
[09:45:50.145] mv -f $depbase.Tpo $depbase.Po
[09:45:50.238] mv -f src/common/.deps/tools_linux_dump_syms_dump_syms-dwarf_cfi_to_module.Tpo src/common/.deps/tools_linux_dump_syms_dump_syms-dwarf_cfi_to_module.Po
[09:45:50.240] g++ -DHAVE_CONFIG_H -I. -I./src  -I./src  -I./src/third_party/mac_headers  -DHAVE_MACH_O_NLIST_H -march=native -O3 -pipe -fno-plt -fexceptions         -Wp,-D_FORTIFY_SOURCE=3 -Wformat -Werror=format-security         -fstack-clash-protection -fcf-protection -Wp,-D_GLIBCXX_ASSERTIONS -flto=auto -MT src/common/tools_mac_dump_syms_dump_syms_mac-dwarf_cfi_to_module.o -MD -MP -MF src/common/.deps/tools_mac_dump_syms_dump_syms_mac-dwarf_cfi_to_module.Tpo -c -o src/common/tools_mac_dump_syms_dump_syms_mac-dwarf_cfi_to_module.o `test -f 'src/common/dwarf_cfi_to_module.cc' || echo '[REDACTED]'`src/common/dwarf_cfi_to_module.cc
[09:45:50.313] mv -f src/common/linux/.deps/tools_linux_dump_syms_dump_syms-file_id.Tpo src/common/linux/.deps/tools_linux_dump_syms_dump_syms-file_id.Po
[09:45:50.315] g++ -DHAVE_CONFIG_H -I. -I./src  -I./src  -I./src/third_party/mac_headers  -DHAVE_MACH_O_NLIST_H -march=native -O3 -pipe -fno-plt -fexceptions         -Wp,-D_FORTIFY_SOURCE=3 -Wformat -Werror=format-security         -fstack-clash-protection -fcf-protection -Wp,-D_GLIBCXX_ASSERTIONS -flto=auto -MT src/common/tools_mac_dump_syms_dump_syms_mac-dwarf_cu_to_module.o -MD -MP -MF src/common/.deps/tools_mac_dump_syms_dump_syms_mac-dwarf_cu_to_module.Tpo -c -o src/common/tools_mac_dump_syms_dump_syms_mac-dwarf_cu_to_module.o `test -f 'src/common/dwarf_cu_to_module.cc' || echo '[REDACTED]'`src/common/dwarf_cu_to_module.cc
[09:45:50.360] g++ -DHAVE_CONFIG_H -I. -I./src  -I./src  -I./src/third_party/mac_headers  -DHAVE_MACH_O_NLIST_H -march=native -O3 -pipe -fno-plt -fexceptions         -Wp,-D_FORTIFY_SOURCE=3 -Wformat -Werror=format-security         -fstack-clash-protection -fcf-protection -Wp,-D_GLIBCXX_ASSERTIONS -flto=auto -MT src/common/tools_mac_dump_syms_dump_syms_mac-dwarf_line_to_module.o -MD -MP -MF src/common/.deps/tools_mac_dump_syms_dump_syms_mac-dwarf_line_to_module.Tpo -c -o src/common/tools_mac_dump_syms_dump_syms_mac-dwarf_line_to_module.o `test -f 'src/common/dwarf_line_to_module.cc' || echo '[REDACTED]'`src/common/dwarf_line_to_module.cc
[09:45:50.480] g++ -DHAVE_CONFIG_H -I. -I./src  -I./src  -I./src/third_party/mac_headers  -DHAVE_MACH_O_NLIST_H -march=native -O3 -pipe -fno-plt -fexceptions         -Wp,-D_FORTIFY_SOURCE=3 -Wformat -Werror=format-security         -fstack-clash-protection -fcf-protection -Wp,-D_GLIBCXX_ASSERTIONS -flto=auto -MT src/common/tools_mac_dump_syms_dump_syms_mac-dwarf_range_list_handler.o -MD -MP -MF src/common/.deps/tools_mac_dump_syms_dump_syms_mac-dwarf_range_list_handler.Tpo -c -o src/common/tools_mac_dump_syms_dump_syms_mac-dwarf_range_list_handler.o `test -f 'src/common/dwarf_range_list_handler.cc' || echo '[REDACTED]'`src/common/dwarf_range_list_handler.cc
[09:45:50.505] mv -f src/common/linux/.deps/tools_linux_dump_syms_dump_syms-elf_symbols_to_module.Tpo src/common/linux/.deps/tools_linux_dump_syms_dump_syms-elf_symbols_to_module.Po
[09:45:50.506] g++ -DHAVE_CONFIG_H -I. -I./src  -I./src  -I./src/third_party/mac_headers  -DHAVE_MACH_O_NLIST_H -march=native -O3 -pipe -fno-plt -fexceptions         -Wp,-D_FORTIFY_SOURCE=3 -Wformat -Werror=format-security         -fstack-clash-protection -fcf-protection -Wp,-D_GLIBCXX_ASSERTIONS -flto=auto -MT src/common/tools_mac_dump_syms_dump_syms_mac-language.o -MD -MP -MF src/common/.deps/tools_mac_dump_syms_dump_syms_mac-language.Tpo -c -o src/common/tools_mac_dump_syms_dump_syms_mac-language.o `test -f 'src/common/language.cc' || echo '[REDACTED]'`src/common/language.cc
[09:45:50.662] g++ -DHAVE_CONFIG_H -I. -I./src  -I./src  -I./src/third_party/mac_headers  -DHAVE_MACH_O_NLIST_H -march=native -O3 -pipe -fno-plt -fexceptions         -Wp,-D_FORTIFY_SOURCE=3 -Wformat -Werror=format-security         -fstack-clash-protection -fcf-protection -Wp,-D_GLIBCXX_ASSERTIONS -flto=auto -MT src/common/tools_mac_dump_syms_dump_syms_mac-md5.o -MD -MP -MF src/common/.deps/tools_mac_dump_syms_dump_syms_mac-md5.Tpo -c -o src/common/tools_mac_dump_syms_dump_syms_mac-md5.o `test -f 'src/common/md5.cc' || echo '[REDACTED]'`src/common/md5.cc
[09:45:50.722] mv -f src/common/.deps/tools_mac_dump_syms_dump_syms_mac-md5.Tpo src/common/.deps/tools_mac_dump_syms_dump_syms_mac-md5.Po
[09:45:50.723] g++ -DHAVE_CONFIG_H -I. -I./src  -I./src  -I./src/third_party/mac_headers  -DHAVE_MACH_O_NLIST_H -march=native -O3 -pipe -fno-plt -fexceptions         -Wp,-D_FORTIFY_SOURCE=3 -Wformat -Werror=format-security         -fstack-clash-protection -fcf-protection -Wp,-D_GLIBCXX_ASSERTIONS -flto=auto -MT src/common/tools_mac_dump_syms_dump_syms_mac-module.o -MD -MP -MF src/common/.deps/tools_mac_dump_syms_dump_syms_mac-module.Tpo -c -o src/common/tools_mac_dump_syms_dump_syms_mac-module.o `test -f 'src/common/module.cc' || echo '[REDACTED]'`src/common/module.cc
[09:45:50.841] mv -f src/common/.deps/tools_linux_dump_syms_dump_syms-stabs_to_module.Tpo src/common/.deps/tools_linux_dump_syms_dump_syms-stabs_to_module.Po
[09:45:50.843] g++ -DHAVE_CONFIG_H -I. -I./src  -I./src  -I./src/third_party/mac_headers  -DHAVE_MACH_O_NLIST_H -march=native -O3 -pipe -fno-plt -fexceptions         -Wp,-D_FORTIFY_SOURCE=3 -Wformat -Werror=format-security         -fstack-clash-protection -fcf-protection -Wp,-D_GLIBCXX_ASSERTIONS -flto=auto -MT src/common/tools_mac_dump_syms_dump_syms_mac-path_helper.o -MD -MP -MF src/common/.deps/tools_mac_dump_syms_dump_syms_mac-path_helper.Tpo -c -o src/common/tools_mac_dump_syms_dump_syms_mac-path_helper.o `test -f 'src/common/path_helper.cc' || echo '[REDACTED]'`src/common/path_helper.cc
[09:45:50.875] g++ -DHAVE_CONFIG_H -I. -I./src  -I./src  -I./src/third_party/mac_headers  -DHAVE_MACH_O_NLIST_H -march=native -O3 -pipe -fno-plt -fexceptions         -Wp,-D_FORTIFY_SOURCE=3 -Wformat -Werror=format-security         -fstack-clash-protection -fcf-protection -Wp,-D_GLIBCXX_ASSERTIONS -flto=auto -MT src/common/tools_mac_dump_syms_dump_syms_mac-stabs_reader.o -MD -MP -MF src/common/.deps/tools_mac_dump_syms_dump_syms_mac-stabs_reader.Tpo -c -o src/common/tools_mac_dump_syms_dump_syms_mac-stabs_reader.o `test -f 'src/common/stabs_reader.cc' || echo '[REDACTED]'`src/common/stabs_reader.cc
[09:45:50.913] mv -f src/common/.deps/tools_mac_dump_syms_dump_syms_mac-language.Tpo src/common/.deps/tools_mac_dump_syms_dump_syms_mac-language.Po
[09:45:50.916] g++ -DHAVE_CONFIG_H -I. -I./src  -I./src  -I./src/third_party/mac_headers  -DHAVE_MACH_O_NLIST_H -march=native -O3 -pipe -fno-plt -fexceptions         -Wp,-D_FORTIFY_SOURCE=3 -Wformat -Werror=format-security         -fstack-clash-protection -fcf-protection -Wp,-D_GLIBCXX_ASSERTIONS -flto=auto -MT src/common/tools_mac_dump_syms_dump_syms_mac-stabs_to_module.o -MD -MP -MF src/common/.deps/tools_mac_dump_syms_dump_syms_mac-stabs_to_module.Tpo -c -o src/common/tools_mac_dump_syms_dump_syms_mac-stabs_to_module.o `test -f 'src/common/stabs_to_module.cc' || echo '[REDACTED]'`src/common/stabs_to_module.cc
[09:45:50.919] mv -f src/common/.deps/tools_linux_dump_syms_dump_syms-module.Tpo src/common/.deps/tools_linux_dump_syms_dump_syms-module.Po
[09:45:50.919] g++ -DHAVE_CONFIG_H -I. -I./src  -I./src  -I./src/third_party/mac_headers  -DHAVE_MACH_O_NLIST_H -march=native -O3 -pipe -fno-plt -fexceptions         -Wp,-D_FORTIFY_SOURCE=3 -Wformat -Werror=format-security         -fstack-clash-protection -fcf-protection -Wp,-D_GLIBCXX_ASSERTIONS -flto=auto -MT src/common/dwarf/tools_mac_dump_syms_dump_syms_mac-bytereader.o -MD -MP -MF src/common/dwarf/.deps/tools_mac_dump_syms_dump_syms_mac-bytereader.Tpo -c -o src/common/dwarf/tools_mac_dump_syms_dump_syms_mac-bytereader.o `test -f 'src/common/dwarf/bytereader.cc' || echo '[REDACTED]'`src/common/dwarf/bytereader.cc
[09:45:51.160] mv -f src/common/.deps/tools_mac_dump_syms_dump_syms_mac-path_helper.Tpo src/common/.deps/tools_mac_dump_syms_dump_syms_mac-path_helper.Po
[09:45:51.162] g++ -DHAVE_CONFIG_H -I. -I./src  -I./src  -I./src/third_party/mac_headers  -DHAVE_MACH_O_NLIST_H -march=native -O3 -pipe -fno-plt -fexceptions         -Wp,-D_FORTIFY_SOURCE=3 -Wformat -Werror=format-security         -fstack-clash-protection -fcf-protection -Wp,-D_GLIBCXX_ASSERTIONS -flto=auto -MT src/common/dwarf/tools_mac_dump_syms_dump_syms_mac-dwarf2diehandler.o -MD -MP -MF src/common/dwarf/.deps/tools_mac_dump_syms_dump_syms_mac-dwarf2diehandler.Tpo -c -o src/common/dwarf/tools_mac_dump_syms_dump_syms_mac-dwarf2diehandler.o `test -f 'src/common/dwarf/dwarf2diehandler.cc' || echo '[REDACTED]'`src/common/dwarf/dwarf2diehandler.cc
[09:45:51.239] mv -f src/common/dwarf/.deps/tools_mac_dump_syms_dump_syms_mac-bytereader.Tpo src/common/dwarf/.deps/tools_mac_dump_syms_dump_syms_mac-bytereader.Po
[09:45:51.241] g++ -DHAVE_CONFIG_H -I. -I./src  -I./src  -I./src/third_party/mac_headers  -DHAVE_MACH_O_NLIST_H -march=native -O3 -pipe -fno-plt -fexceptions         -Wp,-D_FORTIFY_SOURCE=3 -Wformat -Werror=format-security         -fstack-clash-protection -fcf-protection -Wp,-D_GLIBCXX_ASSERTIONS -flto=auto -MT src/common/dwarf/tools_mac_dump_syms_dump_syms_mac-dwarf2reader.o -MD -MP -MF src/common/dwarf/.deps/tools_mac_dump_syms_dump_syms_mac-dwarf2reader.Tpo -c -o src/common/dwarf/tools_mac_dump_syms_dump_syms_mac-dwarf2reader.o `test -f 'src/common/dwarf/dwarf2reader.cc' || echo '[REDACTED]'`src/common/dwarf/dwarf2reader.cc
[09:45:51.314] mv -f src/common/.deps/tools_mac_dump_syms_dump_syms_mac-stabs_reader.Tpo src/common/.deps/tools_mac_dump_syms_dump_syms_mac-stabs_reader.Po
[09:45:51.318] g++ -DHAVE_CONFIG_H -I. -I./src  -I./src  -I./src/third_party/mac_headers  -DHAVE_MACH_O_NLIST_H -march=native -O3 -pipe -fno-plt -fexceptions         -Wp,-D_FORTIFY_SOURCE=3 -Wformat -Werror=format-security         -fstack-clash-protection -fcf-protection -Wp,-D_GLIBCXX_ASSERTIONS -flto=auto -MT src/common/dwarf/tools_mac_dump_syms_dump_syms_mac-elf_reader.o -MD -MP -MF src/common/dwarf/.deps/tools_mac_dump_syms_dump_syms_mac-elf_reader.Tpo -c -o src/common/dwarf/tools_mac_dump_syms_dump_syms_mac-elf_reader.o `test -f 'src/common/dwarf/elf_reader.cc' || echo '[REDACTED]'`src/common/dwarf/elf_reader.cc
[09:45:51.466] mv -f src/common/linux/.deps/tools_linux_dump_syms_dump_syms-dump_symbols.Tpo src/common/linux/.deps/tools_linux_dump_syms_dump_syms-dump_symbols.Po
[09:45:51.510] depbase=`echo src/processor/fast_source_line_resolver.o | sed 's|[^/]*$|.deps/&|;s|\.o$||'`;\
[09:45:51.510] g++ -DHAVE_CONFIG_H -I. -I./src  -I./src   -Wmissing-braces -Wnon-virtual-dtor -Woverloaded-virtual -Wreorder -Wsign-compare -Wunused-local-typedefs -Wunused-variable -Wvla -Werror -fPIC -march=native -O3 -pipe -fno-plt -fexceptions         -Wp,-D_FORTIFY_SOURCE=3 -Wformat -Werror=format-security         -fstack-clash-protection -fcf-protection -Wp,-D_GLIBCXX_ASSERTIONS -flto=auto -MT src/processor/fast_source_line_resolver.o -MD -MP -MF $depbase.Tpo -c -o src/processor/fast_source_line_resolver.o src/processor/fast_source_line_resolver.cc &&\
[09:45:51.510] mv -f $depbase.Tpo $depbase.Po
[09:45:51.513] mv -f src/common/.deps/tools_mac_dump_syms_dump_syms_mac-dwarf_range_list_handler.Tpo src/common/.deps/tools_mac_dump_syms_dump_syms_mac-dwarf_range_list_handler.Po
[09:45:51.516] depbase=`echo src/processor/module_comparer.o | sed 's|[^/]*$|.deps/&|;s|\.o$||'`;\
[09:45:51.517] g++ -DHAVE_CONFIG_H -I. -I./src  -I./src   -Wmissing-braces -Wnon-virtual-dtor -Woverloaded-virtual -Wreorder -Wsign-compare -Wunused-local-typedefs -Wunused-variable -Wvla -Werror -fPIC -march=native -O3 -pipe -fno-plt -fexceptions         -Wp,-D_FORTIFY_SOURCE=3 -Wformat -Werror=format-security         -fstack-clash-protection -fcf-protection -Wp,-D_GLIBCXX_ASSERTIONS -flto=auto -MT src/processor/module_comparer.o -MD -MP -MF $depbase.Tpo -c -o src/processor/module_comparer.o src/processor/module_comparer.cc &&\
[09:45:51.517] mv -f $depbase.Tpo $depbase.Po
[09:45:51.535] mv -f src/common/.deps/tools_mac_dump_syms_dump_syms_mac-dwarf_cfi_to_module.Tpo src/common/.deps/tools_mac_dump_syms_dump_syms_mac-dwarf_cfi_to_module.Po
[09:45:51.537] depbase=`echo src/processor/module_serializer.o | sed 's|[^/]*$|.deps/&|;s|\.o$||'`;\
[09:45:51.538] g++ -DHAVE_CONFIG_H -I. -I./src  -I./src   -Wmissing-braces -Wnon-virtual-dtor -Woverloaded-virtual -Wreorder -Wsign-compare -Wunused-local-typedefs -Wunused-variable -Wvla -Werror -fPIC -march=native -O3 -pipe -fno-plt -fexceptions         -Wp,-D_FORTIFY_SOURCE=3 -Wformat -Werror=format-security         -fstack-clash-protection -fcf-protection -Wp,-D_GLIBCXX_ASSERTIONS -flto=auto -MT src/processor/module_serializer.o -MD -MP -MF $depbase.Tpo -c -o src/processor/module_serializer.o src/processor/module_serializer.cc &&\
[09:45:51.538] mv -f $depbase.Tpo $depbase.Po
[09:45:51.679] mv -f src/common/.deps/tools_mac_dump_syms_dump_syms_mac-dwarf_line_to_module.Tpo src/common/.deps/tools_mac_dump_syms_dump_syms_mac-dwarf_line_to_module.Po
[09:45:51.694] depbase=`echo src/processor/microdump_stackwalk.o | sed 's|[^/]*$|.deps/&|;s|\.o$||'`;\
[09:45:51.695] g++ -DHAVE_CONFIG_H -I. -I./src  -I./src   -Wmissing-braces -Wnon-virtual-dtor -Woverloaded-virtual -Wreorder -Wsign-compare -Wunused-local-typedefs -Wunused-variable -Wvla -Werror -fPIC -march=native -O3 -pipe -fno-plt -fexceptions         -Wp,-D_FORTIFY_SOURCE=3 -Wformat -Werror=format-security         -fstack-clash-protection -fcf-protection -Wp,-D_GLIBCXX_ASSERTIONS -flto=auto -MT src/processor/microdump_stackwalk.o -MD -MP -MF $depbase.Tpo -c -o src/processor/microdump_stackwalk.o src/processor/microdump_stackwalk.cc &&\
[09:45:51.695] mv -f $depbase.Tpo $depbase.Po
[09:45:51.715] mv -f src/common/.deps/tools_linux_dump_syms_dump_syms-dwarf_cu_to_module.Tpo src/common/.deps/tools_linux_dump_syms_dump_syms-dwarf_cu_to_module.Po
[09:45:51.718] depbase=`echo src/common/path_helper.o | sed 's|[^/]*$|.deps/&|;s|\.o$||'`;\
[09:45:51.718] g++ -DHAVE_CONFIG_H -I. -I./src  -I./src   -Wmissing-braces -Wnon-virtual-dtor -Woverloaded-virtual -Wreorder -Wsign-compare -Wunused-local-typedefs -Wunused-variable -Wvla -Werror -fPIC -march=native -O3 -pipe -fno-plt -fexceptions         -Wp,-D_FORTIFY_SOURCE=3 -Wformat -Werror=format-security         -fstack-clash-protection -fcf-protection -Wp,-D_GLIBCXX_ASSERTIONS -flto=auto -MT src/common/path_helper.o -MD -MP -MF $depbase.Tpo -c -o src/common/path_helper.o src/common/path_helper.cc &&\
[09:45:51.718] mv -f $depbase.Tpo $depbase.Po
[09:45:51.816] mv -f src/common/dwarf/.deps/tools_mac_dump_syms_dump_syms_mac-dwarf2diehandler.Tpo src/common/dwarf/.deps/tools_mac_dump_syms_dump_syms_mac-dwarf2diehandler.Po
[09:45:51.818] depbase=`echo src/processor/basic_code_modules.o | sed 's|[^/]*$|.deps/&|;s|\.o$||'`;\
[09:45:51.819] g++ -DHAVE_CONFIG_H -I. -I./src  -I./src   -Wmissing-braces -Wnon-virtual-dtor -Woverloaded-virtual -Wreorder -Wsign-compare -Wunused-local-typedefs -Wunused-variable -Wvla -Werror -fPIC -march=native -O3 -pipe -fno-plt -fexceptions         -Wp,-D_FORTIFY_SOURCE=3 -Wformat -Werror=format-security         -fstack-clash-protection -fcf-protection -Wp,-D_GLIBCXX_ASSERTIONS -flto=auto -MT src/processor/basic_code_modules.o -MD -MP -MF $depbase.Tpo -c -o src/processor/basic_code_modules.o src/processor/basic_code_modules.cc &&\
[09:45:51.819] mv -f $depbase.Tpo $depbase.Po
[09:45:52.094] depbase=`echo src/processor/basic_source_line_resolver.o | sed 's|[^/]*$|.deps/&|;s|\.o$||'`;\
[09:45:52.094] g++ -DHAVE_CONFIG_H -I. -I./src  -I./src   -Wmissing-braces -Wnon-virtual-dtor -Woverloaded-virtual -Wreorder -Wsign-compare -Wunused-local-typedefs -Wunused-variable -Wvla -Werror -fPIC -march=native -O3 -pipe -fno-plt -fexceptions         -Wp,-D_FORTIFY_SOURCE=3 -Wformat -Werror=format-security         -fstack-clash-protection -fcf-protection -Wp,-D_GLIBCXX_ASSERTIONS -flto=auto -MT src/processor/basic_source_line_resolver.o -MD -MP -MF $depbase.Tpo -c -o src/processor/basic_source_line_resolver.o src/processor/basic_source_line_resolver.cc &&\
[09:45:52.094] mv -f $depbase.Tpo $depbase.Po
[09:45:52.212] mv -f src/common/dwarf/.deps/tools_mac_dump_syms_dump_syms_mac-elf_reader.Tpo src/common/dwarf/.deps/tools_mac_dump_syms_dump_syms_mac-elf_reader.Po
[09:45:52.214] depbase=`echo src/processor/call_stack.o | sed 's|[^/]*$|.deps/&|;s|\.o$||'`;\
[09:45:52.214] g++ -DHAVE_CONFIG_H -I. -I./src  -I./src   -Wmissing-braces -Wnon-virtual-dtor -Woverloaded-virtual -Wreorder -Wsign-compare -Wunused-local-typedefs -Wunused-variable -Wvla -Werror -fPIC -march=native -O3 -pipe -fno-plt -fexceptions         -Wp,-D_FORTIFY_SOURCE=3 -Wformat -Werror=format-security         -fstack-clash-protection -fcf-protection -Wp,-D_GLIBCXX_ASSERTIONS -flto=auto -MT src/processor/call_stack.o -MD -MP -MF $depbase.Tpo -c -o src/processor/call_stack.o src/processor/call_stack.cc &&\
[09:45:52.214] mv -f $depbase.Tpo $depbase.Po
[09:45:52.305] mv -f src/common/.deps/tools_mac_dump_syms_dump_syms_mac-stabs_to_module.Tpo src/common/.deps/tools_mac_dump_syms_dump_syms_mac-stabs_to_module.Po
[09:45:52.307] depbase=`echo src/processor/convert_old_arm64_context.o | sed 's|[^/]*$|.deps/&|;s|\.o$||'`;\
[09:45:52.311] g++ -DHAVE_CONFIG_H -I. -I./src  -I./src   -Wmissing-braces -Wnon-virtual-dtor -Woverloaded-virtual -Wreorder -Wsign-compare -Wunused-local-typedefs -Wunused-variable -Wvla -Werror -fPIC -march=native -O3 -pipe -fno-plt -fexceptions         -Wp,-D_FORTIFY_SOURCE=3 -Wformat -Werror=format-security         -fstack-clash-protection -fcf-protection -Wp,-D_GLIBCXX_ASSERTIONS -flto=auto -MT src/processor/convert_old_arm64_context.o -MD -MP -MF $depbase.Tpo -c -o src/processor/convert_old_arm64_context.o src/processor/convert_old_arm64_context.cc &&\
[09:45:52.311] mv -f $depbase.Tpo $depbase.Po
[09:45:52.354] depbase=`echo src/processor/cfi_frame_info.o | sed 's|[^/]*$|.deps/&|;s|\.o$||'`;\
[09:45:52.354] g++ -DHAVE_CONFIG_H -I. -I./src  -I./src   -Wmissing-braces -Wnon-virtual-dtor -Woverloaded-virtual -Wreorder -Wsign-compare -Wunused-local-typedefs -Wunused-variable -Wvla -Werror -fPIC -march=native -O3 -pipe -fno-plt -fexceptions         -Wp,-D_FORTIFY_SOURCE=3 -Wformat -Werror=format-security         -fstack-clash-protection -fcf-protection -Wp,-D_GLIBCXX_ASSERTIONS -flto=auto -MT src/processor/cfi_frame_info.o -MD -MP -MF $depbase.Tpo -c -o src/processor/cfi_frame_info.o src/processor/cfi_frame_info.cc &&\
[09:45:52.354] mv -f $depbase.Tpo $depbase.Po
[09:45:52.559] mv -f src/common/.deps/tools_mac_dump_syms_dump_syms_mac-dwarf_cu_to_module.Tpo src/common/.deps/tools_mac_dump_syms_dump_syms_mac-dwarf_cu_to_module.Po
[09:45:52.561] depbase=`echo src/processor/disassembler_x86.o | sed 's|[^/]*$|.deps/&|;s|\.o$||'`;\
[09:45:52.561] g++ -DHAVE_CONFIG_H -I. -I./src  -I./src   -Wmissing-braces -Wnon-virtual-dtor -Woverloaded-virtual -Wreorder -Wsign-compare -Wunused-local-typedefs -Wunused-variable -Wvla -Werror -fPIC -march=native -O3 -pipe -fno-plt -fexceptions         -Wp,-D_FORTIFY_SOURCE=3 -Wformat -Werror=format-security         -fstack-clash-protection -fcf-protection -Wp,-D_GLIBCXX_ASSERTIONS -flto=auto -MT src/processor/disassembler_x86.o -MD -MP -MF $depbase.Tpo -c -o src/processor/disassembler_x86.o src/processor/disassembler_x86.cc &&\
[09:45:52.561] mv -f $depbase.Tpo $depbase.Po
[09:45:52.571] depbase=`echo src/processor/dump_context.o | sed 's|[^/]*$|.deps/&|;s|\.o$||'`;\
[09:45:52.571] g++ -DHAVE_CONFIG_H -I. -I./src  -I./src   -Wmissing-braces -Wnon-virtual-dtor -Woverloaded-virtual -Wreorder -Wsign-compare -Wunused-local-typedefs -Wunused-variable -Wvla -Werror -fPIC -march=native -O3 -pipe -fno-plt -fexceptions         -Wp,-D_FORTIFY_SOURCE=3 -Wformat -Werror=format-security         -fstack-clash-protection -fcf-protection -Wp,-D_GLIBCXX_ASSERTIONS -flto=auto -MT src/processor/dump_context.o -MD -MP -MF $depbase.Tpo -c -o src/processor/dump_context.o src/processor/dump_context.cc &&\
[09:45:52.571] mv -f $depbase.Tpo $depbase.Po
[09:45:52.581] depbase=`echo src/processor/dump_object.o | sed 's|[^/]*$|.deps/&|;s|\.o$||'`;\
[09:45:52.581] g++ -DHAVE_CONFIG_H -I. -I./src  -I./src   -Wmissing-braces -Wnon-virtual-dtor -Woverloaded-virtual -Wreorder -Wsign-compare -Wunused-local-typedefs -Wunused-variable -Wvla -Werror -fPIC -march=native -O3 -pipe -fno-plt -fexceptions         -Wp,-D_FORTIFY_SOURCE=3 -Wformat -Werror=format-security         -fstack-clash-protection -fcf-protection -Wp,-D_GLIBCXX_ASSERTIONS -flto=auto -MT src/processor/dump_object.o -MD -MP -MF $depbase.Tpo -c -o src/processor/dump_object.o src/processor/dump_object.cc &&\
[09:45:52.581] mv -f $depbase.Tpo $depbase.Po
[09:45:52.614] depbase=`echo src/processor/logging.o | sed 's|[^/]*$|.deps/&|;s|\.o$||'`;\
[09:45:52.614] g++ -DHAVE_CONFIG_H -I. -I./src  -I./src   -Wmissing-braces -Wnon-virtual-dtor -Woverloaded-virtual -Wreorder -Wsign-compare -Wunused-local-typedefs -Wunused-variable -Wvla -Werror -fPIC -march=native -O3 -pipe -fno-plt -fexceptions         -Wp,-D_FORTIFY_SOURCE=3 -Wformat -Werror=format-security         -fstack-clash-protection -fcf-protection -Wp,-D_GLIBCXX_ASSERTIONS -flto=auto -MT src/processor/logging.o -MD -MP -MF $depbase.Tpo -c -o src/processor/logging.o src/processor/logging.cc &&\
[09:45:52.614] mv -f $depbase.Tpo $depbase.Po
[09:45:52.624] depbase=`echo src/processor/microdump.o | sed 's|[^/]*$|.deps/&|;s|\.o$||'`;\
[09:45:52.624] g++ -DHAVE_CONFIG_H -I. -I./src  -I./src   -Wmissing-braces -Wnon-virtual-dtor -Woverloaded-virtual -Wreorder -Wsign-compare -Wunused-local-typedefs -Wunused-variable -Wvla -Werror -fPIC -march=native -O3 -pipe -fno-plt -fexceptions         -Wp,-D_FORTIFY_SOURCE=3 -Wformat -Werror=format-security         -fstack-clash-protection -fcf-protection -Wp,-D_GLIBCXX_ASSERTIONS -flto=auto -MT src/processor/microdump.o -MD -MP -MF $depbase.Tpo -c -o src/processor/microdump.o src/processor/microdump.cc &&\
[09:45:52.625] mv -f $depbase.Tpo $depbase.Po
[09:45:52.707] depbase=`echo src/processor/microdump_processor.o | sed 's|[^/]*$|.deps/&|;s|\.o$||'`;\
[09:45:52.707] g++ -DHAVE_CONFIG_H -I. -I./src  -I./src   -Wmissing-braces -Wnon-virtual-dtor -Woverloaded-virtual -Wreorder -Wsign-compare -Wunused-local-typedefs -Wunused-variable -Wvla -Werror -fPIC -march=native -O3 -pipe -fno-plt -fexceptions         -Wp,-D_FORTIFY_SOURCE=3 -Wformat -Werror=format-security         -fstack-clash-protection -fcf-protection -Wp,-D_GLIBCXX_ASSERTIONS -flto=auto -MT src/processor/microdump_processor.o -MD -MP -MF $depbase.Tpo -c -o src/processor/microdump_processor.o src/processor/microdump_processor.cc &&\
[09:45:52.707] mv -f $depbase.Tpo $depbase.Po
[09:45:52.767] depbase=`echo src/processor/pathname_stripper.o | sed 's|[^/]*$|.deps/&|;s|\.o$||'`;\
[09:45:52.767] g++ -DHAVE_CONFIG_H -I. -I./src  -I./src   -Wmissing-braces -Wnon-virtual-dtor -Woverloaded-virtual -Wreorder -Wsign-compare -Wunused-local-typedefs -Wunused-variable -Wvla -Werror -fPIC -march=native -O3 -pipe -fno-plt -fexceptions         -Wp,-D_FORTIFY_SOURCE=3 -Wformat -Werror=format-security         -fstack-clash-protection -fcf-protection -Wp,-D_GLIBCXX_ASSERTIONS -flto=auto -MT src/processor/pathname_stripper.o -MD -MP -MF $depbase.Tpo -c -o src/processor/pathname_stripper.o src/processor/pathname_stripper.cc &&\
[09:45:52.767] mv -f $depbase.Tpo $depbase.Po
[09:45:52.870] depbase=`echo src/processor/process_state.o | sed 's|[^/]*$|.deps/&|;s|\.o$||'`;\
[09:45:52.870] g++ -DHAVE_CONFIG_H -I. -I./src  -I./src   -Wmissing-braces -Wnon-virtual-dtor -Woverloaded-virtual -Wreorder -Wsign-compare -Wunused-local-typedefs -Wunused-variable -Wvla -Werror -fPIC -march=native -O3 -pipe -fno-plt -fexceptions         -Wp,-D_FORTIFY_SOURCE=3 -Wformat -Werror=format-security         -fstack-clash-protection -fcf-protection -Wp,-D_GLIBCXX_ASSERTIONS -flto=auto -MT src/processor/process_state.o -MD -MP -MF $depbase.Tpo -c -o src/processor/process_state.o src/processor/process_state.cc &&\
[09:45:52.870] mv -f $depbase.Tpo $depbase.Po
[09:45:52.931] mv -f src/common/.deps/tools_mac_dump_syms_dump_syms_mac-module.Tpo src/common/.deps/tools_mac_dump_syms_dump_syms_mac-module.Po
[09:45:52.932] depbase=`echo src/processor/simple_symbol_supplier.o | sed 's|[^/]*$|.deps/&|;s|\.o$||'`;\
[09:45:52.933] g++ -DHAVE_CONFIG_H -I. -I./src  -I./src   -Wmissing-braces -Wnon-virtual-dtor -Woverloaded-virtual -Wreorder -Wsign-compare -Wunused-local-typedefs -Wunused-variable -Wvla -Werror -fPIC -march=native -O3 -pipe -fno-plt -fexceptions         -Wp,-D_FORTIFY_SOURCE=3 -Wformat -Werror=format-security         -fstack-clash-protection -fcf-protection -Wp,-D_GLIBCXX_ASSERTIONS -flto=auto -MT src/processor/simple_symbol_supplier.o -MD -MP -MF $depbase.Tpo -c -o src/processor/simple_symbol_supplier.o src/processor/simple_symbol_supplier.cc &&\
[09:45:52.933] mv -f $depbase.Tpo $depbase.Po
[09:45:52.940] depbase=`echo src/processor/source_line_resolver_base.o | sed 's|[^/]*$|.deps/&|;s|\.o$||'`;\
[09:45:52.940] g++ -DHAVE_CONFIG_H -I. -I./src  -I./src   -Wmissing-braces -Wnon-virtual-dtor -Woverloaded-virtual -Wreorder -Wsign-compare -Wunused-local-typedefs -Wunused-variable -Wvla -Werror -fPIC -march=native -O3 -pipe -fno-plt -fexceptions         -Wp,-D_FORTIFY_SOURCE=3 -Wformat -Werror=format-security         -fstack-clash-protection -fcf-protection -Wp,-D_GLIBCXX_ASSERTIONS -flto=auto -MT src/processor/source_line_resolver_base.o -MD -MP -MF $depbase.Tpo -c -o src/processor/source_line_resolver_base.o src/processor/source_line_resolver_base.cc &&\
[09:45:52.940] mv -f $depbase.Tpo $depbase.Po
[09:45:53.023] depbase=`echo src/processor/stack_frame_cpu.o | sed 's|[^/]*$|.deps/&|;s|\.o$||'`;\
[09:45:53.024] g++ -DHAVE_CONFIG_H -I. -I./src  -I./src   -Wmissing-braces -Wnon-virtual-dtor -Woverloaded-virtual -Wreorder -Wsign-compare -Wunused-local-typedefs -Wunused-variable -Wvla -Werror -fPIC -march=native -O3 -pipe -fno-plt -fexceptions         -Wp,-D_FORTIFY_SOURCE=3 -Wformat -Werror=format-security         -fstack-clash-protection -fcf-protection -Wp,-D_GLIBCXX_ASSERTIONS -flto=auto -MT src/processor/stack_frame_cpu.o -MD -MP -MF $depbase.Tpo -c -o src/processor/stack_frame_cpu.o src/processor/stack_frame_cpu.cc &&\
[09:45:53.024] mv -f $depbase.Tpo $depbase.Po
[09:45:53.060] mv -f src/common/dwarf/.deps/tools_mac_dump_syms_dump_syms_mac-dwarf2reader.Tpo src/common/dwarf/.deps/tools_mac_dump_syms_dump_syms_mac-dwarf2reader.Po
[09:45:53.063] depbase=`echo src/processor/stack_frame_symbolizer.o | sed 's|[^/]*$|.deps/&|;s|\.o$||'`;\
[09:45:53.063] g++ -DHAVE_CONFIG_H -I. -I./src  -I./src   -Wmissing-braces -Wnon-virtual-dtor -Woverloaded-virtual -Wreorder -Wsign-compare -Wunused-local-typedefs -Wunused-variable -Wvla -Werror -fPIC -march=native -O3 -pipe -fno-plt -fexceptions         -Wp,-D_FORTIFY_SOURCE=3 -Wformat -Werror=format-security         -fstack-clash-protection -fcf-protection -Wp,-D_GLIBCXX_ASSERTIONS -flto=auto -MT src/processor/stack_frame_symbolizer.o -MD -MP -MF $depbase.Tpo -c -o src/processor/stack_frame_symbolizer.o src/processor/stack_frame_symbolizer.cc &&\
[09:45:53.063] mv -f $depbase.Tpo $depbase.Po
[09:45:53.096] depbase=`echo src/processor/stackwalk_common.o | sed 's|[^/]*$|.deps/&|;s|\.o$||'`;\
[09:45:53.096] g++ -DHAVE_CONFIG_H -I. -I./src  -I./src   -Wmissing-braces -Wnon-virtual-dtor -Woverloaded-virtual -Wreorder -Wsign-compare -Wunused-local-typedefs -Wunused-variable -Wvla -Werror -fPIC -march=native -O3 -pipe -fno-plt -fexceptions         -Wp,-D_FORTIFY_SOURCE=3 -Wformat -Werror=format-security         -fstack-clash-protection -fcf-protection -Wp,-D_GLIBCXX_ASSERTIONS -flto=auto -MT src/processor/stackwalk_common.o -MD -MP -MF $depbase.Tpo -c -o src/processor/stackwalk_common.o src/processor/stackwalk_common.cc &&\
[09:45:53.096] mv -f $depbase.Tpo $depbase.Po
[09:45:53.130] depbase=`echo src/processor/stackwalker.o | sed 's|[^/]*$|.deps/&|;s|\.o$||'`;\
[09:45:53.130] g++ -DHAVE_CONFIG_H -I. -I./src  -I./src   -Wmissing-braces -Wnon-virtual-dtor -Woverloaded-virtual -Wreorder -Wsign-compare -Wunused-local-typedefs -Wunused-variable -Wvla -Werror -fPIC -march=native -O3 -pipe -fno-plt -fexceptions         -Wp,-D_FORTIFY_SOURCE=3 -Wformat -Werror=format-security         -fstack-clash-protection -fcf-protection -Wp,-D_GLIBCXX_ASSERTIONS -flto=auto -MT src/processor/stackwalker.o -MD -MP -MF $depbase.Tpo -c -o src/processor/stackwalker.o src/processor/stackwalker.cc &&\
[09:45:53.130] mv -f $depbase.Tpo $depbase.Po
[09:45:53.150] depbase=`echo src/processor/stackwalker_address_list.o | sed 's|[^/]*$|.deps/&|;s|\.o$||'`;\
[09:45:53.151] g++ -DHAVE_CONFIG_H -I. -I./src  -I./src   -Wmissing-braces -Wnon-virtual-dtor -Woverloaded-virtual -Wreorder -Wsign-compare -Wunused-local-typedefs -Wunused-variable -Wvla -Werror -fPIC -march=native -O3 -pipe -fno-plt -fexceptions         -Wp,-D_FORTIFY_SOURCE=3 -Wformat -Werror=format-security         -fstack-clash-protection -fcf-protection -Wp,-D_GLIBCXX_ASSERTIONS -flto=auto -MT src/processor/stackwalker_address_list.o -MD -MP -MF $depbase.Tpo -c -o src/processor/stackwalker_address_list.o src/processor/stackwalker_address_list.cc &&\
[09:45:53.151] mv -f $depbase.Tpo $depbase.Po
[09:45:53.341] depbase=`echo src/processor/stackwalker_amd64.o | sed 's|[^/]*$|.deps/&|;s|\.o$||'`;\
[09:45:53.341] g++ -DHAVE_CONFIG_H -I. -I./src  -I./src   -Wmissing-braces -Wnon-virtual-dtor -Woverloaded-virtual -Wreorder -Wsign-compare -Wunused-local-typedefs -Wunused-variable -Wvla -Werror -fPIC -march=native -O3 -pipe -fno-plt -fexceptions         -Wp,-D_FORTIFY_SOURCE=3 -Wformat -Werror=format-security         -fstack-clash-protection -fcf-protection -Wp,-D_GLIBCXX_ASSERTIONS -flto=auto -MT src/processor/stackwalker_amd64.o -MD -MP -MF $depbase.Tpo -c -o src/processor/stackwalker_amd64.o src/processor/stackwalker_amd64.cc &&\
[09:45:53.341] mv -f $depbase.Tpo $depbase.Po
[09:45:53.562] depbase=`echo src/processor/stackwalker_arm.o | sed 's|[^/]*$|.deps/&|;s|\.o$||'`;\
[09:45:53.562] g++ -DHAVE_CONFIG_H -I. -I./src  -I./src   -Wmissing-braces -Wnon-virtual-dtor -Woverloaded-virtual -Wreorder -Wsign-compare -Wunused-local-typedefs -Wunused-variable -Wvla -Werror -fPIC -march=native -O3 -pipe -fno-plt -fexceptions         -Wp,-D_FORTIFY_SOURCE=3 -Wformat -Werror=format-security         -fstack-clash-protection -fcf-protection -Wp,-D_GLIBCXX_ASSERTIONS -flto=auto -MT src/processor/stackwalker_arm.o -MD -MP -MF $depbase.Tpo -c -o src/processor/stackwalker_arm.o src/processor/stackwalker_arm.cc &&\
[09:45:53.562] mv -f $depbase.Tpo $depbase.Po
[09:45:53.564] depbase=`echo src/processor/stackwalker_arm64.o | sed 's|[^/]*$|.deps/&|;s|\.o$||'`;\
[09:45:53.564] g++ -DHAVE_CONFIG_H -I. -I./src  -I./src   -Wmissing-braces -Wnon-virtual-dtor -Woverloaded-virtual -Wreorder -Wsign-compare -Wunused-local-typedefs -Wunused-variable -Wvla -Werror -fPIC -march=native -O3 -pipe -fno-plt -fexceptions         -Wp,-D_FORTIFY_SOURCE=3 -Wformat -Werror=format-security         -fstack-clash-protection -fcf-protection -Wp,-D_GLIBCXX_ASSERTIONS -flto=auto -MT src/processor/stackwalker_arm64.o -MD -MP -MF $depbase.Tpo -c -o src/processor/stackwalker_arm64.o src/processor/stackwalker_arm64.cc &&\
[09:45:53.564] mv -f $depbase.Tpo $depbase.Po
[09:45:53.704] depbase=`echo src/processor/stackwalker_mips.o | sed 's|[^/]*$|.deps/&|;s|\.o$||'`;\
[09:45:53.704] g++ -DHAVE_CONFIG_H -I. -I./src  -I./src   -Wmissing-braces -Wnon-virtual-dtor -Woverloaded-virtual -Wreorder -Wsign-compare -Wunused-local-typedefs -Wunused-variable -Wvla -Werror -fPIC -march=native -O3 -pipe -fno-plt -fexceptions         -Wp,-D_FORTIFY_SOURCE=3 -Wformat -Werror=format-security         -fstack-clash-protection -fcf-protection -Wp,-D_GLIBCXX_ASSERTIONS -flto=auto -MT src/processor/stackwalker_mips.o -MD -MP -MF $depbase.Tpo -c -o src/processor/stackwalker_mips.o src/processor/stackwalker_mips.cc &&\
[09:45:53.704] mv -f $depbase.Tpo $depbase.Po
[09:45:53.766] depbase=`echo src/processor/stackwalker_ppc.o | sed 's|[^/]*$|.deps/&|;s|\.o$||'`;\
[09:45:53.766] g++ -DHAVE_CONFIG_H -I. -I./src  -I./src   -Wmissing-braces -Wnon-virtual-dtor -Woverloaded-virtual -Wreorder -Wsign-compare -Wunused-local-typedefs -Wunused-variable -Wvla -Werror -fPIC -march=native -O3 -pipe -fno-plt -fexceptions         -Wp,-D_FORTIFY_SOURCE=3 -Wformat -Werror=format-security         -fstack-clash-protection -fcf-protection -Wp,-D_GLIBCXX_ASSERTIONS -flto=auto -MT src/processor/stackwalker_ppc.o -MD -MP -MF $depbase.Tpo -c -o src/processor/stackwalker_ppc.o src/processor/stackwalker_ppc.cc &&\
[09:45:53.766] mv -f $depbase.Tpo $depbase.Po
[09:45:53.783] depbase=`echo src/processor/stackwalker_ppc64.o | sed 's|[^/]*$|.deps/&|;s|\.o$||'`;\
[09:45:53.783] g++ -DHAVE_CONFIG_H -I. -I./src  -I./src   -Wmissing-braces -Wnon-virtual-dtor -Woverloaded-virtual -Wreorder -Wsign-compare -Wunused-local-typedefs -Wunused-variable -Wvla -Werror -fPIC -march=native -O3 -pipe -fno-plt -fexceptions         -Wp,-D_FORTIFY_SOURCE=3 -Wformat -Werror=format-security         -fstack-clash-protection -fcf-protection -Wp,-D_GLIBCXX_ASSERTIONS -flto=auto -MT src/processor/stackwalker_ppc64.o -MD -MP -MF $depbase.Tpo -c -o src/processor/stackwalker_ppc64.o src/processor/stackwalker_ppc64.cc &&\
[09:45:53.783] mv -f $depbase.Tpo $depbase.Po
[09:45:53.892] depbase=`echo src/processor/stackwalker_riscv.o | sed 's|[^/]*$|.deps/&|;s|\.o$||'`;\
[09:45:53.892] g++ -DHAVE_CONFIG_H -I. -I./src  -I./src   -Wmissing-braces -Wnon-virtual-dtor -Woverloaded-virtual -Wreorder -Wsign-compare -Wunused-local-typedefs -Wunused-variable -Wvla -Werror -fPIC -march=native -O3 -pipe -fno-plt -fexceptions         -Wp,-D_FORTIFY_SOURCE=3 -Wformat -Werror=format-security         -fstack-clash-protection -fcf-protection -Wp,-D_GLIBCXX_ASSERTIONS -flto=auto -MT src/processor/stackwalker_riscv.o -MD -MP -MF $depbase.Tpo -c -o src/processor/stackwalker_riscv.o src/processor/stackwalker_riscv.cc &&\
[09:45:53.892] mv -f $depbase.Tpo $depbase.Po
[09:45:53.900] depbase=`echo src/processor/stackwalker_riscv64.o | sed 's|[^/]*$|.deps/&|;s|\.o$||'`;\
[09:45:53.900] g++ -DHAVE_CONFIG_H -I. -I./src  -I./src   -Wmissing-braces -Wnon-virtual-dtor -Woverloaded-virtual -Wreorder -Wsign-compare -Wunused-local-typedefs -Wunused-variable -Wvla -Werror -fPIC -march=native -O3 -pipe -fno-plt -fexceptions         -Wp,-D_FORTIFY_SOURCE=3 -Wformat -Werror=format-security         -fstack-clash-protection -fcf-protection -Wp,-D_GLIBCXX_ASSERTIONS -flto=auto -MT src/processor/stackwalker_riscv64.o -MD -MP -MF $depbase.Tpo -c -o src/processor/stackwalker_riscv64.o src/processor/stackwalker_riscv64.cc &&\
[09:45:53.900] mv -f $depbase.Tpo $depbase.Po
[09:45:54.082] depbase=`echo src/processor/stackwalker_sparc.o | sed 's|[^/]*$|.deps/&|;s|\.o$||'`;\
[09:45:54.082] g++ -DHAVE_CONFIG_H -I. -I./src  -I./src   -Wmissing-braces -Wnon-virtual-dtor -Woverloaded-virtual -Wreorder -Wsign-compare -Wunused-local-typedefs -Wunused-variable -Wvla -Werror -fPIC -march=native -O3 -pipe -fno-plt -fexceptions         -Wp,-D_FORTIFY_SOURCE=3 -Wformat -Werror=format-security         -fstack-clash-protection -fcf-protection -Wp,-D_GLIBCXX_ASSERTIONS -flto=auto -MT src/processor/stackwalker_sparc.o -MD -MP -MF $depbase.Tpo -c -o src/processor/stackwalker_sparc.o src/processor/stackwalker_sparc.cc &&\
[09:45:54.083] mv -f $depbase.Tpo $depbase.Po
[09:45:54.177] depbase=`echo src/processor/stackwalker_x86.o | sed 's|[^/]*$|.deps/&|;s|\.o$||'`;\
[09:45:54.177] g++ -DHAVE_CONFIG_H -I. -I./src  -I./src   -Wmissing-braces -Wnon-virtual-dtor -Woverloaded-virtual -Wreorder -Wsign-compare -Wunused-local-typedefs -Wunused-variable -Wvla -Werror -fPIC -march=native -O3 -pipe -fno-plt -fexceptions         -Wp,-D_FORTIFY_SOURCE=3 -Wformat -Werror=format-security         -fstack-clash-protection -fcf-protection -Wp,-D_GLIBCXX_ASSERTIONS -flto=auto -MT src/processor/stackwalker_x86.o -MD -MP -MF $depbase.Tpo -c -o src/processor/stackwalker_x86.o src/processor/stackwalker_x86.cc &&\
[09:45:54.177] mv -f $depbase.Tpo $depbase.Po
[09:45:54.233] depbase=`echo src/processor/tokenize.o | sed 's|[^/]*$|.deps/&|;s|\.o$||'`;\
[09:45:54.233] g++ -DHAVE_CONFIG_H -I. -I./src  -I./src   -Wmissing-braces -Wnon-virtual-dtor -Woverloaded-virtual -Wreorder -Wsign-compare -Wunused-local-typedefs -Wunused-variable -Wvla -Werror -fPIC -march=native -O3 -pipe -fno-plt -fexceptions         -Wp,-D_FORTIFY_SOURCE=3 -Wformat -Werror=format-security         -fstack-clash-protection -fcf-protection -Wp,-D_GLIBCXX_ASSERTIONS -flto=auto -MT src/processor/tokenize.o -MD -MP -MF $depbase.Tpo -c -o src/processor/tokenize.o src/processor/tokenize.cc &&\
[09:45:54.233] mv -f $depbase.Tpo $depbase.Po
[09:45:54.352] depbase=`echo src/third_party/libdisasm/ia32_implicit.o | sed 's|[^/]*$|.deps/&|;s|\.o$||'`;\
[09:45:54.352] gcc -DHAVE_CONFIG_H -I. -I./src  -I./src  -fPIC -march=native -O3 -pipe -fno-plt -fexceptions         -Wp,-D_FORTIFY_SOURCE=3 -Wformat -Werror=format-security         -fstack-clash-protection -fcf-protection -flto=auto -MT src/third_party/libdisasm/ia32_implicit.o -MD -MP -MF $depbase.Tpo -c -o src/third_party/libdisasm/ia32_implicit.o src/third_party/libdisasm/ia32_implicit.c &&\
[09:45:54.352] mv -f $depbase.Tpo $depbase.Po
[09:45:54.408] depbase=`echo src/third_party/libdisasm/ia32_insn.o | sed 's|[^/]*$|.deps/&|;s|\.o$||'`;\
[09:45:54.408] gcc -DHAVE_CONFIG_H -I. -I./src  -I./src  -fPIC -march=native -O3 -pipe -fno-plt -fexceptions         -Wp,-D_FORTIFY_SOURCE=3 -Wformat -Werror=format-security         -fstack-clash-protection -fcf-protection -flto=auto -MT src/third_party/libdisasm/ia32_insn.o -MD -MP -MF $depbase.Tpo -c -o src/third_party/libdisasm/ia32_insn.o src/third_party/libdisasm/ia32_insn.c &&\
[09:45:54.408] mv -f $depbase.Tpo $depbase.Po
[09:45:54.454] depbase=`echo src/third_party/libdisasm/ia32_invariant.o | sed 's|[^/]*$|.deps/&|;s|\.o$||'`;\
[09:45:54.454] gcc -DHAVE_CONFIG_H -I. -I./src  -I./src  -fPIC -march=native -O3 -pipe -fno-plt -fexceptions         -Wp,-D_FORTIFY_SOURCE=3 -Wformat -Werror=format-security         -fstack-clash-protection -fcf-protection -flto=auto -MT src/third_party/libdisasm/ia32_invariant.o -MD -MP -MF $depbase.Tpo -c -o src/third_party/libdisasm/ia32_invariant.o src/third_party/libdisasm/ia32_invariant.c &&\
[09:45:54.454] mv -f $depbase.Tpo $depbase.Po
[09:45:54.459] depbase=`echo src/third_party/libdisasm/ia32_modrm.o | sed 's|[^/]*$|.deps/&|;s|\.o$||'`;\
[09:45:54.459] gcc -DHAVE_CONFIG_H -I. -I./src  -I./src  -fPIC -march=native -O3 -pipe -fno-plt -fexceptions         -Wp,-D_FORTIFY_SOURCE=3 -Wformat -Werror=format-security         -fstack-clash-protection -fcf-protection -flto=auto -MT src/third_party/libdisasm/ia32_modrm.o -MD -MP -MF $depbase.Tpo -c -o src/third_party/libdisasm/ia32_modrm.o src/third_party/libdisasm/ia32_modrm.c &&\
[09:45:54.459] mv -f $depbase.Tpo $depbase.Po
[09:45:54.467] depbase=`echo src/third_party/libdisasm/ia32_opcode_tables.o | sed 's|[^/]*$|.deps/&|;s|\.o$||'`;\
[09:45:54.467] gcc -DHAVE_CONFIG_H -I. -I./src  -I./src  -fPIC -march=native -O3 -pipe -fno-plt -fexceptions         -Wp,-D_FORTIFY_SOURCE=3 -Wformat -Werror=format-security         -fstack-clash-protection -fcf-protection -flto=auto -MT src/third_party/libdisasm/ia32_opcode_tables.o -MD -MP -MF $depbase.Tpo -c -o src/third_party/libdisasm/ia32_opcode_tables.o src/third_party/libdisasm/ia32_opcode_tables.c &&\
[09:45:54.467] mv -f $depbase.Tpo $depbase.Po
[09:45:54.500] depbase=`echo src/third_party/libdisasm/ia32_operand.o | sed 's|[^/]*$|.deps/&|;s|\.o$||'`;\
[09:45:54.500] gcc -DHAVE_CONFIG_H -I. -I./src  -I./src  -fPIC -march=native -O3 -pipe -fno-plt -fexceptions         -Wp,-D_FORTIFY_SOURCE=3 -Wformat -Werror=format-security         -fstack-clash-protection -fcf-protection -flto=auto -MT src/third_party/libdisasm/ia32_operand.o -MD -MP -MF $depbase.Tpo -c -o src/third_party/libdisasm/ia32_operand.o src/third_party/libdisasm/ia32_operand.c &&\
[09:45:54.500] mv -f $depbase.Tpo $depbase.Po
[09:45:54.518] depbase=`echo src/third_party/libdisasm/ia32_reg.o | sed 's|[^/]*$|.deps/&|;s|\.o$||'`;\
[09:45:54.518] gcc -DHAVE_CONFIG_H -I. -I./src  -I./src  -fPIC -march=native -O3 -pipe -fno-plt -fexceptions         -Wp,-D_FORTIFY_SOURCE=3 -Wformat -Werror=format-security         -fstack-clash-protection -fcf-protection -flto=auto -MT src/third_party/libdisasm/ia32_reg.o -MD -MP -MF $depbase.Tpo -c -o src/third_party/libdisasm/ia32_reg.o src/third_party/libdisasm/ia32_reg.c &&\
[09:45:54.518] mv -f $depbase.Tpo $depbase.Po
[09:45:54.520] depbase=`echo src/third_party/libdisasm/ia32_settings.o | sed 's|[^/]*$|.deps/&|;s|\.o$||'`;\
[09:45:54.520] gcc -DHAVE_CONFIG_H -I. -I./src  -I./src  -fPIC -march=native -O3 -pipe -fno-plt -fexceptions         -Wp,-D_FORTIFY_SOURCE=3 -Wformat -Werror=format-security         -fstack-clash-protection -fcf-protection -flto=auto -MT src/third_party/libdisasm/ia32_settings.o -MD -MP -MF $depbase.Tpo -c -o src/third_party/libdisasm/ia32_settings.o src/third_party/libdisasm/ia32_settings.c &&\
[09:45:54.520] mv -f $depbase.Tpo $depbase.Po
[09:45:54.529] depbase=`echo src/third_party/libdisasm/x86_disasm.o | sed 's|[^/]*$|.deps/&|;s|\.o$||'`;\
[09:45:54.529] gcc -DHAVE_CONFIG_H -I. -I./src  -I./src  -fPIC -march=native -O3 -pipe -fno-plt -fexceptions         -Wp,-D_FORTIFY_SOURCE=3 -Wformat -Werror=format-security         -fstack-clash-protection -fcf-protection -flto=auto -MT src/third_party/libdisasm/x86_disasm.o -MD -MP -MF $depbase.Tpo -c -o src/third_party/libdisasm/x86_disasm.o src/third_party/libdisasm/x86_disasm.c &&\
[09:45:54.529] mv -f $depbase.Tpo $depbase.Po
[09:45:54.563] depbase=`echo src/third_party/libdisasm/x86_format.o | sed 's|[^/]*$|.deps/&|;s|\.o$||'`;\
[09:45:54.563] gcc -DHAVE_CONFIG_H -I. -I./src  -I./src  -fPIC -march=native -O3 -pipe -fno-plt -fexceptions         -Wp,-D_FORTIFY_SOURCE=3 -Wformat -Werror=format-security         -fstack-clash-protection -fcf-protection -flto=auto -MT src/third_party/libdisasm/x86_format.o -MD -MP -MF $depbase.Tpo -c -o src/third_party/libdisasm/x86_format.o src/third_party/libdisasm/x86_format.c &&\
[09:45:54.563] mv -f $depbase.Tpo $depbase.Po
[09:45:54.571] depbase=`echo src/third_party/libdisasm/x86_imm.o | sed 's|[^/]*$|.deps/&|;s|\.o$||'`;\
[09:45:54.571] gcc -DHAVE_CONFIG_H -I. -I./src  -I./src  -fPIC -march=native -O3 -pipe -fno-plt -fexceptions         -Wp,-D_FORTIFY_SOURCE=3 -Wformat -Werror=format-security         -fstack-clash-protection -fcf-protection -flto=auto -MT src/third_party/libdisasm/x86_imm.o -MD -MP -MF $depbase.Tpo -c -o src/third_party/libdisasm/x86_imm.o src/third_party/libdisasm/x86_imm.c &&\
[09:45:54.571] mv -f $depbase.Tpo $depbase.Po
[09:45:54.576] depbase=`echo src/third_party/libdisasm/x86_insn.o | sed 's|[^/]*$|.deps/&|;s|\.o$||'`;\
[09:45:54.576] gcc -DHAVE_CONFIG_H -I. -I./src  -I./src  -fPIC -march=native -O3 -pipe -fno-plt -fexceptions         -Wp,-D_FORTIFY_SOURCE=3 -Wformat -Werror=format-security         -fstack-clash-protection -fcf-protection -flto=auto -MT src/third_party/libdisasm/x86_insn.o -MD -MP -MF $depbase.Tpo -c -o src/third_party/libdisasm/x86_insn.o src/third_party/libdisasm/x86_insn.c &&\
[09:45:54.577] mv -f $depbase.Tpo $depbase.Po
[09:45:54.600] depbase=`echo src/third_party/libdisasm/x86_misc.o | sed 's|[^/]*$|.deps/&|;s|\.o$||'`;\
[09:45:54.600] gcc -DHAVE_CONFIG_H -I. -I./src  -I./src  -fPIC -march=native -O3 -pipe -fno-plt -fexceptions         -Wp,-D_FORTIFY_SOURCE=3 -Wformat -Werror=format-security         -fstack-clash-protection -fcf-protection -flto=auto -MT src/third_party/libdisasm/x86_misc.o -MD -MP -MF $depbase.Tpo -c -o src/third_party/libdisasm/x86_misc.o src/third_party/libdisasm/x86_misc.c &&\
[09:45:54.600] mv -f $depbase.Tpo $depbase.Po
[09:45:54.608] depbase=`echo src/third_party/libdisasm/x86_operand_list.o | sed 's|[^/]*$|.deps/&|;s|\.o$||'`;\
[09:45:54.609] gcc -DHAVE_CONFIG_H -I. -I./src  -I./src  -fPIC -march=native -O3 -pipe -fno-plt -fexceptions         -Wp,-D_FORTIFY_SOURCE=3 -Wformat -Werror=format-security         -fstack-clash-protection -fcf-protection -flto=auto -MT src/third_party/libdisasm/x86_operand_list.o -MD -MP -MF $depbase.Tpo -c -o src/third_party/libdisasm/x86_operand_list.o src/third_party/libdisasm/x86_operand_list.c &&\
[09:45:54.609] mv -f $depbase.Tpo $depbase.Po
[09:45:54.619] depbase=`echo src/common/linux/scoped_pipe.o | sed 's|[^/]*$|.deps/&|;s|\.o$||'`;\
[09:45:54.619] g++ -DHAVE_CONFIG_H -I. -I./src  -I./src   -Wmissing-braces -Wnon-virtual-dtor -Woverloaded-virtual -Wreorder -Wsign-compare -Wunused-local-typedefs -Wunused-variable -Wvla -Werror -fPIC -march=native -O3 -pipe -fno-plt -fexceptions         -Wp,-D_FORTIFY_SOURCE=3 -Wformat -Werror=format-security         -fstack-clash-protection -fcf-protection -Wp,-D_GLIBCXX_ASSERTIONS -flto=auto -MT src/common/linux/scoped_pipe.o -MD -MP -MF $depbase.Tpo -c -o src/common/linux/scoped_pipe.o src/common/linux/scoped_pipe.cc &&\
[09:45:54.619] mv -f $depbase.Tpo $depbase.Po
[09:45:54.641] depbase=`echo src/common/linux/scoped_tmpfile.o | sed 's|[^/]*$|.deps/&|;s|\.o$||'`;\
[09:45:54.641] g++ -DHAVE_CONFIG_H -I. -I./src  -I./src   -Wmissing-braces -Wnon-virtual-dtor -Woverloaded-virtual -Wreorder -Wsign-compare -Wunused-local-typedefs -Wunused-variable -Wvla -Werror -fPIC -march=native -O3 -pipe -fno-plt -fexceptions         -Wp,-D_FORTIFY_SOURCE=3 -Wformat -Werror=format-security         -fstack-clash-protection -fcf-protection -Wp,-D_GLIBCXX_ASSERTIONS -flto=auto -MT src/common/linux/scoped_tmpfile.o -MD -MP -MF $depbase.Tpo -c -o src/common/linux/scoped_tmpfile.o src/common/linux/scoped_tmpfile.cc &&\
[09:45:54.641] mv -f $depbase.Tpo $depbase.Po
[09:45:54.643] depbase=`echo src/processor/disassembler_objdump.o | sed 's|[^/]*$|.deps/&|;s|\.o$||'`;\
[09:45:54.643] g++ -DHAVE_CONFIG_H -I. -I./src  -I./src   -Wmissing-braces -Wnon-virtual-dtor -Woverloaded-virtual -Wreorder -Wsign-compare -Wunused-local-typedefs -Wunused-variable -Wvla -Werror -fPIC -march=native -O3 -pipe -fno-plt -fexceptions         -Wp,-D_FORTIFY_SOURCE=3 -Wformat -Werror=format-security         -fstack-clash-protection -fcf-protection -Wp,-D_GLIBCXX_ASSERTIONS -flto=auto -MT src/processor/disassembler_objdump.o -MD -MP -MF $depbase.Tpo -c -o src/processor/disassembler_objdump.o src/processor/disassembler_objdump.cc &&\
[09:45:54.643] mv -f $depbase.Tpo $depbase.Po
[09:45:54.651] depbase=`echo src/processor/minidump_dump.o | sed 's|[^/]*$|.deps/&|;s|\.o$||'`;\
[09:45:54.651] g++ -DHAVE_CONFIG_H -I. -I./src  -I./src   -Wmissing-braces -Wnon-virtual-dtor -Woverloaded-virtual -Wreorder -Wsign-compare -Wunused-local-typedefs -Wunused-variable -Wvla -Werror -fPIC -march=native -O3 -pipe -fno-plt -fexceptions         -Wp,-D_FORTIFY_SOURCE=3 -Wformat -Werror=format-security         -fstack-clash-protection -fcf-protection -Wp,-D_GLIBCXX_ASSERTIONS -flto=auto -MT src/processor/minidump_dump.o -MD -MP -MF $depbase.Tpo -c -o src/processor/minidump_dump.o src/processor/minidump_dump.cc &&\
[09:45:54.651] mv -f $depbase.Tpo $depbase.Po
[09:45:54.660] depbase=`echo src/processor/minidump.o | sed 's|[^/]*$|.deps/&|;s|\.o$||'`;\
[09:45:54.660] g++ -DHAVE_CONFIG_H -I. -I./src  -I./src   -Wmissing-braces -Wnon-virtual-dtor -Woverloaded-virtual -Wreorder -Wsign-compare -Wunused-local-typedefs -Wunused-variable -Wvla -Werror -fPIC -march=native -O3 -pipe -fno-plt -fexceptions         -Wp,-D_FORTIFY_SOURCE=3 -Wformat -Werror=format-security         -fstack-clash-protection -fcf-protection -Wp,-D_GLIBCXX_ASSERTIONS -flto=auto -MT src/processor/minidump.o -MD -MP -MF $depbase.Tpo -c -o src/processor/minidump.o src/processor/minidump.cc &&\
[09:45:54.660] mv -f $depbase.Tpo $depbase.Po
[09:45:54.670] depbase=`echo src/processor/proc_maps_linux.o | sed 's|[^/]*$|.deps/&|;s|\.o$||'`;\
[09:45:54.670] g++ -DHAVE_CONFIG_H -I. -I./src  -I./src   -Wmissing-braces -Wnon-virtual-dtor -Woverloaded-virtual -Wreorder -Wsign-compare -Wunused-local-typedefs -Wunused-variable -Wvla -Werror -fPIC -march=native -O3 -pipe -fno-plt -fexceptions         -Wp,-D_FORTIFY_SOURCE=3 -Wformat -Werror=format-security         -fstack-clash-protection -fcf-protection -Wp,-D_GLIBCXX_ASSERTIONS -flto=auto -MT src/processor/proc_maps_linux.o -MD -MP -MF $depbase.Tpo -c -o src/processor/proc_maps_linux.o src/processor/proc_maps_linux.cc &&\
[09:45:54.670] mv -f $depbase.Tpo $depbase.Po
[09:45:54.757] depbase=`echo src/processor/minidump_stackwalk.o | sed 's|[^/]*$|.deps/&|;s|\.o$||'`;\
[09:45:54.757] g++ -DHAVE_CONFIG_H -I. -I./src  -I./src   -Wmissing-braces -Wnon-virtual-dtor -Woverloaded-virtual -Wreorder -Wsign-compare -Wunused-local-typedefs -Wunused-variable -Wvla -Werror -fPIC -march=native -O3 -pipe -fno-plt -fexceptions         -Wp,-D_FORTIFY_SOURCE=3 -Wformat -Werror=format-security         -fstack-clash-protection -fcf-protection -Wp,-D_GLIBCXX_ASSERTIONS -flto=auto -MT src/processor/minidump_stackwalk.o -MD -MP -MF $depbase.Tpo -c -o src/processor/minidump_stackwalk.o src/processor/minidump_stackwalk.cc &&\
[09:45:54.757] mv -f $depbase.Tpo $depbase.Po
[09:45:54.800] depbase=`echo src/processor/exploitability.o | sed 's|[^/]*$|.deps/&|;s|\.o$||'`;\
[09:45:54.800] g++ -DHAVE_CONFIG_H -I. -I./src  -I./src   -Wmissing-braces -Wnon-virtual-dtor -Woverloaded-virtual -Wreorder -Wsign-compare -Wunused-local-typedefs -Wunused-variable -Wvla -Werror -fPIC -march=native -O3 -pipe -fno-plt -fexceptions         -Wp,-D_FORTIFY_SOURCE=3 -Wformat -Werror=format-security         -fstack-clash-protection -fcf-protection -Wp,-D_GLIBCXX_ASSERTIONS -flto=auto -MT src/processor/exploitability.o -MD -MP -MF $depbase.Tpo -c -o src/processor/exploitability.o src/processor/exploitability.cc &&\
[09:45:54.800] mv -f $depbase.Tpo $depbase.Po
[09:45:54.840] depbase=`echo src/processor/exploitability_linux.o | sed 's|[^/]*$|.deps/&|;s|\.o$||'`;\
[09:45:54.840] g++ -DHAVE_CONFIG_H -I. -I./src  -I./src   -Wmissing-braces -Wnon-virtual-dtor -Woverloaded-virtual -Wreorder -Wsign-compare -Wunused-local-typedefs -Wunused-variable -Wvla -Werror -fPIC -march=native -O3 -pipe -fno-plt -fexceptions         -Wp,-D_FORTIFY_SOURCE=3 -Wformat -Werror=format-security         -fstack-clash-protection -fcf-protection -Wp,-D_GLIBCXX_ASSERTIONS -flto=auto -MT src/processor/exploitability_linux.o -MD -MP -MF $depbase.Tpo -c -o src/processor/exploitability_linux.o src/processor/exploitability_linux.cc &&\
[09:45:54.840] mv -f $depbase.Tpo $depbase.Po
[09:45:54.974] depbase=`echo src/processor/exploitability_win.o | sed 's|[^/]*$|.deps/&|;s|\.o$||'`;\
[09:45:54.974] g++ -DHAVE_CONFIG_H -I. -I./src  -I./src   -Wmissing-braces -Wnon-virtual-dtor -Woverloaded-virtual -Wreorder -Wsign-compare -Wunused-local-typedefs -Wunused-variable -Wvla -Werror -fPIC -march=native -O3 -pipe -fno-plt -fexceptions         -Wp,-D_FORTIFY_SOURCE=3 -Wformat -Werror=format-security         -fstack-clash-protection -fcf-protection -Wp,-D_GLIBCXX_ASSERTIONS -flto=auto -MT src/processor/exploitability_win.o -MD -MP -MF $depbase.Tpo -c -o src/processor/exploitability_win.o src/processor/exploitability_win.cc &&\
[09:45:54.974] mv -f $depbase.Tpo $depbase.Po
[09:45:55.030] depbase=`echo src/processor/minidump_processor.o | sed 's|[^/]*$|.deps/&|;s|\.o$||'`;\
[09:45:55.030] g++ -DHAVE_CONFIG_H -I. -I./src  -I./src   -Wmissing-braces -Wnon-virtual-dtor -Woverloaded-virtual -Wreorder -Wsign-compare -Wunused-local-typedefs -Wunused-variable -Wvla -Werror -fPIC -march=native -O3 -pipe -fno-plt -fexceptions         -Wp,-D_FORTIFY_SOURCE=3 -Wformat -Werror=format-security         -fstack-clash-protection -fcf-protection -Wp,-D_GLIBCXX_ASSERTIONS -flto=auto -MT src/processor/minidump_processor.o -MD -MP -MF $depbase.Tpo -c -o src/processor/minidump_processor.o src/processor/minidump_processor.cc &&\
[09:45:55.030] mv -f $depbase.Tpo $depbase.Po
[09:45:55.072] depbase=`echo src/processor/symbolic_constants_win.o | sed 's|[^/]*$|.deps/&|;s|\.o$||'`;\
[09:45:55.072] g++ -DHAVE_CONFIG_H -I. -I./src  -I./src   -Wmissing-braces -Wnon-virtual-dtor -Woverloaded-virtual -Wreorder -Wsign-compare -Wunused-local-typedefs -Wunused-variable -Wvla -Werror -fPIC -march=native -O3 -pipe -fno-plt -fexceptions         -Wp,-D_FORTIFY_SOURCE=3 -Wformat -Werror=format-security         -fstack-clash-protection -fcf-protection -Wp,-D_GLIBCXX_ASSERTIONS -flto=auto -MT src/processor/symbolic_constants_win.o -MD -MP -MF $depbase.Tpo -c -o src/processor/symbolic_constants_win.o src/processor/symbolic_constants_win.cc &&\
[09:45:55.072] mv -f $depbase.Tpo $depbase.Po
[09:45:55.084] depbase=`echo src/tools/linux/core2md/core2md.o | sed 's|[^/]*$|.deps/&|;s|\.o$||'`;\
[09:45:55.084] g++ -DHAVE_CONFIG_H -I. -I./src  -I./src   -Wmissing-braces -Wnon-virtual-dtor -Woverloaded-virtual -Wreorder -Wsign-compare -Wunused-local-typedefs -Wunused-variable -Wvla -Werror -fPIC -march=native -O3 -pipe -fno-plt -fexceptions         -Wp,-D_FORTIFY_SOURCE=3 -Wformat -Werror=format-security         -fstack-clash-protection -fcf-protection -Wp,-D_GLIBCXX_ASSERTIONS -flto=auto -MT src/tools/linux/core2md/core2md.o -MD -MP -MF $depbase.Tpo -c -o src/tools/linux/core2md/core2md.o src/tools/linux/core2md/core2md.cc &&\
[09:45:55.084] mv -f $depbase.Tpo $depbase.Po
[09:45:55.324] depbase=`echo src/client/linux/crash_generation/crash_generation_client.o | sed 's|[^/]*$|.deps/&|;s|\.o$||'`;\
[09:45:55.324] g++ -DHAVE_CONFIG_H -I. -I./src  -I./src   -Wmissing-braces -Wnon-virtual-dtor -Woverloaded-virtual -Wreorder -Wsign-compare -Wunused-local-typedefs -Wunused-variable -Wvla -Werror -fPIC -march=native -O3 -pipe -fno-plt -fexceptions         -Wp,-D_FORTIFY_SOURCE=3 -Wformat -Werror=format-security         -fstack-clash-protection -fcf-protection -Wp,-D_GLIBCXX_ASSERTIONS -flto=auto -MT src/client/linux/crash_generation/crash_generation_client.o -MD -MP -MF $depbase.Tpo -c -o src/client/linux/crash_generation/crash_generation_client.o src/client/linux/crash_generation/crash_generation_client.cc &&\
[09:45:55.324] mv -f $depbase.Tpo $depbase.Po
[09:45:55.387] depbase=`echo src/client/linux/crash_generation/crash_generation_server.o | sed 's|[^/]*$|.deps/&|;s|\.o$||'`;\
[09:45:55.387] g++ -DHAVE_CONFIG_H -I. -I./src  -I./src   -Wmissing-braces -Wnon-virtual-dtor -Woverloaded-virtual -Wreorder -Wsign-compare -Wunused-local-typedefs -Wunused-variable -Wvla -Werror -fPIC -march=native -O3 -pipe -fno-plt -fexceptions         -Wp,-D_FORTIFY_SOURCE=3 -Wformat -Werror=format-security         -fstack-clash-protection -fcf-protection -Wp,-D_GLIBCXX_ASSERTIONS -flto=auto -MT src/client/linux/crash_generation/crash_generation_server.o -MD -MP -MF $depbase.Tpo -c -o src/client/linux/crash_generation/crash_generation_server.o src/client/linux/crash_generation/crash_generation_server.cc &&\
[09:45:55.387] mv -f $depbase.Tpo $depbase.Po
[09:45:55.427] depbase=`echo src/client/linux/dump_writer_common/thread_info.o | sed 's|[^/]*$|.deps/&|;s|\.o$||'`;\
[09:45:55.427] g++ -DHAVE_CONFIG_H -I. -I./src  -I./src   -Wmissing-braces -Wnon-virtual-dtor -Woverloaded-virtual -Wreorder -Wsign-compare -Wunused-local-typedefs -Wunused-variable -Wvla -Werror -fPIC -march=native -O3 -pipe -fno-plt -fexceptions         -Wp,-D_FORTIFY_SOURCE=3 -Wformat -Werror=format-security         -fstack-clash-protection -fcf-protection -Wp,-D_GLIBCXX_ASSERTIONS -flto=auto -MT src/client/linux/dump_writer_common/thread_info.o -MD -MP -MF $depbase.Tpo -c -o src/client/linux/dump_writer_common/thread_info.o src/client/linux/dump_writer_common/thread_info.cc &&\
[09:45:55.428] mv -f $depbase.Tpo $depbase.Po
[09:45:55.512] depbase=`echo src/client/linux/dump_writer_common/ucontext_reader.o | sed 's|[^/]*$|.deps/&|;s|\.o$||'`;\
[09:45:55.512] g++ -DHAVE_CONFIG_H -I. -I./src  -I./src   -Wmissing-braces -Wnon-virtual-dtor -Woverloaded-virtual -Wreorder -Wsign-compare -Wunused-local-typedefs -Wunused-variable -Wvla -Werror -fPIC -march=native -O3 -pipe -fno-plt -fexceptions         -Wp,-D_FORTIFY_SOURCE=3 -Wformat -Werror=format-security         -fstack-clash-protection -fcf-protection -Wp,-D_GLIBCXX_ASSERTIONS -flto=auto -MT src/client/linux/dump_writer_common/ucontext_reader.o -MD -MP -MF $depbase.Tpo -c -o src/client/linux/dump_writer_common/ucontext_reader.o src/client/linux/dump_writer_common/ucontext_reader.cc &&\
[09:45:55.512] mv -f $depbase.Tpo $depbase.Po
[09:45:55.591] depbase=`echo src/client/linux/handler/exception_handler.o | sed 's|[^/]*$|.deps/&|;s|\.o$||'`;\
[09:45:55.591] g++ -DHAVE_CONFIG_H -I. -I./src  -I./src   -Wmissing-braces -Wnon-virtual-dtor -Woverloaded-virtual -Wreorder -Wsign-compare -Wunused-local-typedefs -Wunused-variable -Wvla -Werror -fPIC -march=native -O3 -pipe -fno-plt -fexceptions         -Wp,-D_FORTIFY_SOURCE=3 -Wformat -Werror=format-security         -fstack-clash-protection -fcf-protection -Wp,-D_GLIBCXX_ASSERTIONS -flto=auto -MT src/client/linux/handler/exception_handler.o -MD -MP -MF $depbase.Tpo -c -o src/client/linux/handler/exception_handler.o src/client/linux/handler/exception_handler.cc &&\
[09:45:55.591] mv -f $depbase.Tpo $depbase.Po
[09:45:55.656] depbase=`echo src/client/linux/handler/minidump_descriptor.o | sed 's|[^/]*$|.deps/&|;s|\.o$||'`;\
[09:45:55.657] g++ -DHAVE_CONFIG_H -I. -I./src  -I./src   -Wmissing-braces -Wnon-virtual-dtor -Woverloaded-virtual -Wreorder -Wsign-compare -Wunused-local-typedefs -Wunused-variable -Wvla -Werror -fPIC -march=native -O3 -pipe -fno-plt -fexceptions         -Wp,-D_FORTIFY_SOURCE=3 -Wformat -Werror=format-security         -fstack-clash-protection -fcf-protection -Wp,-D_GLIBCXX_ASSERTIONS -flto=auto -MT src/client/linux/handler/minidump_descriptor.o -MD -MP -MF $depbase.Tpo -c -o src/client/linux/handler/minidump_descriptor.o src/client/linux/handler/minidump_descriptor.cc &&\
[09:45:55.657] mv -f $depbase.Tpo $depbase.Po
[09:45:55.788] depbase=`echo src/client/linux/log/log.o | sed 's|[^/]*$|.deps/&|;s|\.o$||'`;\
[09:45:55.788] g++ -DHAVE_CONFIG_H -I. -I./src  -I./src   -Wmissing-braces -Wnon-virtual-dtor -Woverloaded-virtual -Wreorder -Wsign-compare -Wunused-local-typedefs -Wunused-variable -Wvla -Werror -fPIC -march=native -O3 -pipe -fno-plt -fexceptions         -Wp,-D_FORTIFY_SOURCE=3 -Wformat -Werror=format-security         -fstack-clash-protection -fcf-protection -Wp,-D_GLIBCXX_ASSERTIONS -flto=auto -MT src/client/linux/log/log.o -MD -MP -MF $depbase.Tpo -c -o src/client/linux/log/log.o src/client/linux/log/log.cc &&\
[09:45:55.788] mv -f $depbase.Tpo $depbase.Po
[09:45:55.855] depbase=`echo src/client/linux/microdump_writer/microdump_writer.o | sed 's|[^/]*$|.deps/&|;s|\.o$||'`;\
[09:45:55.856] g++ -DHAVE_CONFIG_H -I. -I./src  -I./src   -Wmissing-braces -Wnon-virtual-dtor -Woverloaded-virtual -Wreorder -Wsign-compare -Wunused-local-typedefs -Wunused-variable -Wvla -Werror -fPIC -march=native -O3 -pipe -fno-plt -fexceptions         -Wp,-D_FORTIFY_SOURCE=3 -Wformat -Werror=format-security         -fstack-clash-protection -fcf-protection -Wp,-D_GLIBCXX_ASSERTIONS -flto=auto -MT src/client/linux/microdump_writer/microdump_writer.o -MD -MP -MF $depbase.Tpo -c -o src/client/linux/microdump_writer/microdump_writer.o src/client/linux/microdump_writer/microdump_writer.cc &&\
[09:45:55.856] mv -f $depbase.Tpo $depbase.Po
[09:45:55.873] depbase=`echo src/client/linux/minidump_writer/linux_core_dumper.o | sed 's|[^/]*$|.deps/&|;s|\.o$||'`;\
[09:45:55.873] g++ -DHAVE_CONFIG_H -I. -I./src  -I./src   -Wmissing-braces -Wnon-virtual-dtor -Woverloaded-virtual -Wreorder -Wsign-compare -Wunused-local-typedefs -Wunused-variable -Wvla -Werror -fPIC -march=native -O3 -pipe -fno-plt -fexceptions         -Wp,-D_FORTIFY_SOURCE=3 -Wformat -Werror=format-security         -fstack-clash-protection -fcf-protection -Wp,-D_GLIBCXX_ASSERTIONS -flto=auto -MT src/client/linux/minidump_writer/linux_core_dumper.o -MD -MP -MF $depbase.Tpo -c -o src/client/linux/minidump_writer/linux_core_dumper.o src/client/linux/minidump_writer/linux_core_dumper.cc &&\
[09:45:55.873] mv -f $depbase.Tpo $depbase.Po
[09:45:55.874] depbase=`echo src/client/linux/minidump_writer/linux_dumper.o | sed 's|[^/]*$|.deps/&|;s|\.o$||'`;\
[09:45:55.875] g++ -DHAVE_CONFIG_H -I. -I./src  -I./src   -Wmissing-braces -Wnon-virtual-dtor -Woverloaded-virtual -Wreorder -Wsign-compare -Wunused-local-typedefs -Wunused-variable -Wvla -Werror -fPIC -march=native -O3 -pipe -fno-plt -fexceptions         -Wp,-D_FORTIFY_SOURCE=3 -Wformat -Werror=format-security         -fstack-clash-protection -fcf-protection -Wp,-D_GLIBCXX_ASSERTIONS -flto=auto -MT src/client/linux/minidump_writer/linux_dumper.o -MD -MP -MF $depbase.Tpo -c -o src/client/linux/minidump_writer/linux_dumper.o src/client/linux/minidump_writer/linux_dumper.cc &&\
[09:45:55.875] mv -f $depbase.Tpo $depbase.Po
[09:45:55.897] depbase=`echo src/client/linux/minidump_writer/linux_ptrace_dumper.o | sed 's|[^/]*$|.deps/&|;s|\.o$||'`;\
[09:45:55.897] g++ -DHAVE_CONFIG_H -I. -I./src  -I./src   -Wmissing-braces -Wnon-virtual-dtor -Woverloaded-virtual -Wreorder -Wsign-compare -Wunused-local-typedefs -Wunused-variable -Wvla -Werror -fPIC -march=native -O3 -pipe -fno-plt -fexceptions         -Wp,-D_FORTIFY_SOURCE=3 -Wformat -Werror=format-security         -fstack-clash-protection -fcf-protection -Wp,-D_GLIBCXX_ASSERTIONS -flto=auto -MT src/client/linux/minidump_writer/linux_ptrace_dumper.o -MD -MP -MF $depbase.Tpo -c -o src/client/linux/minidump_writer/linux_ptrace_dumper.o src/client/linux/minidump_writer/linux_ptrace_dumper.cc &&\
[09:45:55.897] mv -f $depbase.Tpo $depbase.Po
[09:45:56.012] depbase=`echo src/client/linux/minidump_writer/minidump_writer.o | sed 's|[^/]*$|.deps/&|;s|\.o$||'`;\
[09:45:56.012] g++ -DHAVE_CONFIG_H -I. -I./src  -I./src   -Wmissing-braces -Wnon-virtual-dtor -Woverloaded-virtual -Wreorder -Wsign-compare -Wunused-local-typedefs -Wunused-variable -Wvla -Werror -fPIC -march=native -O3 -pipe -fno-plt -fexceptions         -Wp,-D_FORTIFY_SOURCE=3 -Wformat -Werror=format-security         -fstack-clash-protection -fcf-protection -Wp,-D_GLIBCXX_ASSERTIONS -flto=auto -MT src/client/linux/minidump_writer/minidump_writer.o -MD -MP -MF $depbase.Tpo -c -o src/client/linux/minidump_writer/minidump_writer.o src/client/linux/minidump_writer/minidump_writer.cc &&\
[09:45:56.012] mv -f $depbase.Tpo $depbase.Po
[09:45:56.028] depbase=`echo src/client/linux/minidump_writer/pe_file.o | sed 's|[^/]*$|.deps/&|;s|\.o$||'`;\
[09:45:56.028] g++ -DHAVE_CONFIG_H -I. -I./src  -I./src   -Wmissing-braces -Wnon-virtual-dtor -Woverloaded-virtual -Wreorder -Wsign-compare -Wunused-local-typedefs -Wunused-variable -Wvla -Werror -fPIC -march=native -O3 -pipe -fno-plt -fexceptions         -Wp,-D_FORTIFY_SOURCE=3 -Wformat -Werror=format-security         -fstack-clash-protection -fcf-protection -Wp,-D_GLIBCXX_ASSERTIONS -flto=auto -MT src/client/linux/minidump_writer/pe_file.o -MD -MP -MF $depbase.Tpo -c -o src/client/linux/minidump_writer/pe_file.o src/client/linux/minidump_writer/pe_file.cc &&\
[09:45:56.028] mv -f $depbase.Tpo $depbase.Po
[09:45:56.050] depbase=`echo src/client/minidump_file_writer.o | sed 's|[^/]*$|.deps/&|;s|\.o$||'`;\
[09:45:56.050] g++ -DHAVE_CONFIG_H -I. -I./src  -I./src   -Wmissing-braces -Wnon-virtual-dtor -Woverloaded-virtual -Wreorder -Wsign-compare -Wunused-local-typedefs -Wunused-variable -Wvla -Werror -fPIC -march=native -O3 -pipe -fno-plt -fexceptions         -Wp,-D_FORTIFY_SOURCE=3 -Wformat -Werror=format-security         -fstack-clash-protection -fcf-protection -Wp,-D_GLIBCXX_ASSERTIONS -flto=auto -MT src/client/minidump_file_writer.o -MD -MP -MF $depbase.Tpo -c -o src/client/minidump_file_writer.o src/client/minidump_file_writer.cc &&\
[09:45:56.051] mv -f $depbase.Tpo $depbase.Po
[09:45:56.051] depbase=`echo src/tools/linux/pid2md/pid2md.o | sed 's|[^/]*$|.deps/&|;s|\.o$||'`;\
[09:45:56.051] g++ -DHAVE_CONFIG_H -I. -I./src  -I./src   -Wmissing-braces -Wnon-virtual-dtor -Woverloaded-virtual -Wreorder -Wsign-compare -Wunused-local-typedefs -Wunused-variable -Wvla -Werror -fPIC -march=native -O3 -pipe -fno-plt -fexceptions         -Wp,-D_FORTIFY_SOURCE=3 -Wformat -Werror=format-security         -fstack-clash-protection -fcf-protection -Wp,-D_GLIBCXX_ASSERTIONS -flto=auto -MT src/tools/linux/pid2md/pid2md.o -MD -MP -MF $depbase.Tpo -c -o src/tools/linux/pid2md/pid2md.o src/tools/linux/pid2md/pid2md.cc &&\
[09:45:56.051] mv -f $depbase.Tpo $depbase.Po
[09:45:56.087] g++ -DHAVE_CONFIG_H -I. -I./src  -I./src    -march=native -O3 -pipe -fno-plt -fexceptions         -Wp,-D_FORTIFY_SOURCE=3 -Wformat -Werror=format-security         -fstack-clash-protection -fcf-protection -Wp,-D_GLIBCXX_ASSERTIONS -flto=auto -MT src/common/dwarf/tools_linux_dump_syms_dump_syms-bytereader.o -MD -MP -MF src/common/dwarf/.deps/tools_linux_dump_syms_dump_syms-bytereader.Tpo -c -o src/common/dwarf/tools_linux_dump_syms_dump_syms-bytereader.o `test -f 'src/common/dwarf/bytereader.cc' || echo '[REDACTED]'`src/common/dwarf/bytereader.cc
[09:45:56.410] mv -f src/common/dwarf/.deps/tools_linux_dump_syms_dump_syms-bytereader.Tpo src/common/dwarf/.deps/tools_linux_dump_syms_dump_syms-bytereader.Po
[09:45:56.412] g++ -DHAVE_CONFIG_H -I. -I./src  -I./src    -march=native -O3 -pipe -fno-plt -fexceptions         -Wp,-D_FORTIFY_SOURCE=3 -Wformat -Werror=format-security         -fstack-clash-protection -fcf-protection -Wp,-D_GLIBCXX_ASSERTIONS -flto=auto -MT src/common/dwarf/tools_linux_dump_syms_dump_syms-dwarf2diehandler.o -MD -MP -MF src/common/dwarf/.deps/tools_linux_dump_syms_dump_syms-dwarf2diehandler.Tpo -c -o src/common/dwarf/tools_linux_dump_syms_dump_syms-dwarf2diehandler.o `test -f 'src/common/dwarf/dwarf2diehandler.cc' || echo '[REDACTED]'`src/common/dwarf/dwarf2diehandler.cc
[09:45:56.457] g++ -DHAVE_CONFIG_H -I. -I./src  -I./src    -march=native -O3 -pipe -fno-plt -fexceptions         -Wp,-D_FORTIFY_SOURCE=3 -Wformat -Werror=format-security         -fstack-clash-protection -fcf-protection -Wp,-D_GLIBCXX_ASSERTIONS -flto=auto -MT src/common/dwarf/tools_linux_dump_syms_dump_syms-dwarf2reader.o -MD -MP -MF src/common/dwarf/.deps/tools_linux_dump_syms_dump_syms-dwarf2reader.Tpo -c -o src/common/dwarf/tools_linux_dump_syms_dump_syms-dwarf2reader.o `test -f 'src/common/dwarf/dwarf2reader.cc' || echo '[REDACTED]'`src/common/dwarf/dwarf2reader.cc
[09:45:56.511] g++ -DHAVE_CONFIG_H -I. -I./src  -I./src    -march=native -O3 -pipe -fno-plt -fexceptions         -Wp,-D_FORTIFY_SOURCE=3 -Wformat -Werror=format-security         -fstack-clash-protection -fcf-protection -Wp,-D_GLIBCXX_ASSERTIONS -flto=auto -MT src/common/dwarf/tools_linux_dump_syms_dump_syms-elf_reader.o -MD -MP -MF src/common/dwarf/.deps/tools_linux_dump_syms_dump_syms-elf_reader.Tpo -c -o src/common/dwarf/tools_linux_dump_syms_dump_syms-elf_reader.o `test -f 'src/common/dwarf/elf_reader.cc' || echo '[REDACTED]'`src/common/dwarf/elf_reader.cc
[09:45:56.551] g++ -DHAVE_CONFIG_H -I. -I./src  -I./src    -march=native -O3 -pipe -fno-plt -fexceptions         -Wp,-D_FORTIFY_SOURCE=3 -Wformat -Werror=format-security         -fstack-clash-protection -fcf-protection -Wp,-D_GLIBCXX_ASSERTIONS -flto=auto -MT src/tools/linux/dump_syms/dump_syms-dump_syms.o -MD -MP -MF src/tools/linux/dump_syms/.deps/dump_syms-dump_syms.Tpo -c -o src/tools/linux/dump_syms/dump_syms-dump_syms.o `test -f 'src/tools/linux/dump_syms/dump_syms.cc' || echo '[REDACTED]'`src/tools/linux/dump_syms/dump_syms.cc
[09:45:56.559] depbase=`echo src/tools/linux/md2core/minidump-2-core.o | sed 's|[^/]*$|.deps/&|;s|\.o$||'`;\
[09:45:56.559] g++ -DHAVE_CONFIG_H -I. -I./src  -I./src   -Wmissing-braces -Wnon-virtual-dtor -Woverloaded-virtual -Wreorder -Wsign-compare -Wunused-local-typedefs -Wunused-variable -Wvla -Werror -fPIC -march=native -O3 -pipe -fno-plt -fexceptions         -Wp,-D_FORTIFY_SOURCE=3 -Wformat -Werror=format-security         -fstack-clash-protection -fcf-protection -Wp,-D_GLIBCXX_ASSERTIONS -flto=auto -MT src/tools/linux/md2core/minidump-2-core.o -MD -MP -MF $depbase.Tpo -c -o src/tools/linux/md2core/minidump-2-core.o src/tools/linux/md2core/minidump-2-core.cc &&\
[09:45:56.559] mv -f $depbase.Tpo $depbase.Po
[09:45:56.576] depbase=`echo src/tools/linux/symupload/minidump_upload.o | sed 's|[^/]*$|.deps/&|;s|\.o$||'`;\
[09:45:56.576] g++ -DHAVE_CONFIG_H -I. -I./src  -I./src   -Wmissing-braces -Wnon-virtual-dtor -Woverloaded-virtual -Wreorder -Wsign-compare -Wunused-local-typedefs -Wunused-variable -Wvla -Werror -fPIC -march=native -O3 -pipe -fno-plt -fexceptions         -Wp,-D_FORTIFY_SOURCE=3 -Wformat -Werror=format-security         -fstack-clash-protection -fcf-protection -Wp,-D_GLIBCXX_ASSERTIONS -flto=auto -MT src/tools/linux/symupload/minidump_upload.o -MD -MP -MF $depbase.Tpo -c -o src/tools/linux/symupload/minidump_upload.o src/tools/linux/symupload/minidump_upload.cc &&\
[09:45:56.576] mv -f $depbase.Tpo $depbase.Po
[09:45:56.619] g++  -Wmissing-braces -Wnon-virtual-dtor -Woverloaded-virtual -Wreorder -Wsign-compare -Wunused-local-typedefs -Wunused-variable -Wvla -Werror -fPIC -march=native -O3 -pipe -fno-plt -fexceptions         -Wp,-D_FORTIFY_SOURCE=3 -Wformat -Werror=format-security         -fstack-clash-protection -fcf-protection -Wp,-D_GLIBCXX_ASSERTIONS -flto=auto  -Wl,-O1 -Wl,--sort-common -Wl,--as-needed -Wl,-z,relro -Wl,-z,now          -Wl,-z,pack-relative-relocs -flto=auto -o src/tools/linux/symupload/sym_upload src/common/linux/http_upload.o src/common/linux/libcurl_wrapper.o src/common/linux/symbol_collector_client.o src/common/linux/symbol_upload.o src/common/path_helper.o src/tools/linux/symupload/sym_upload.o -ldl 
[09:45:56.642] g++ -DHAVE_CONFIG_H -I. -I./src  -I./src  -I./src/third_party/mac_headers  -DHAVE_MACH_O_NLIST_H -march=native -O3 -pipe -fno-plt -fexceptions         -Wp,-D_FORTIFY_SOURCE=3 -Wformat -Werror=format-security         -fstack-clash-protection -fcf-protection -Wp,-D_GLIBCXX_ASSERTIONS -flto=auto -MT src/common/mac/tools_mac_dump_syms_dump_syms_mac-arch_utilities.o -MD -MP -MF src/common/mac/.deps/tools_mac_dump_syms_dump_syms_mac-arch_utilities.Tpo -c -o src/common/mac/tools_mac_dump_syms_dump_syms_mac-arch_utilities.o `test -f 'src/common/mac/arch_utilities.cc' || echo '[REDACTED]'`src/common/mac/arch_utilities.cc
[09:45:56.708] g++ -DHAVE_CONFIG_H -I. -I./src  -I./src  -I./src/third_party/mac_headers  -DHAVE_MACH_O_NLIST_H -march=native -O3 -pipe -fno-plt -fexceptions         -Wp,-D_FORTIFY_SOURCE=3 -Wformat -Werror=format-security         -fstack-clash-protection -fcf-protection -Wp,-D_GLIBCXX_ASSERTIONS -flto=auto -MT src/common/mac/tools_mac_dump_syms_dump_syms_mac-dump_syms.o -MD -MP -MF src/common/mac/.deps/tools_mac_dump_syms_dump_syms_mac-dump_syms.Tpo -c -o src/common/mac/tools_mac_dump_syms_dump_syms_mac-dump_syms.o `test -f 'src/common/mac/dump_syms.cc' || echo '[REDACTED]'`src/common/mac/dump_syms.cc
[09:45:56.759] mv -f src/common/mac/.deps/tools_mac_dump_syms_dump_syms_mac-arch_utilities.Tpo src/common/mac/.deps/tools_mac_dump_syms_dump_syms_mac-arch_utilities.Po
[09:45:56.762] g++ -DHAVE_CONFIG_H -I. -I./src  -I./src  -I./src/third_party/mac_headers  -DHAVE_MACH_O_NLIST_H -march=native -O3 -pipe -fno-plt -fexceptions         -Wp,-D_FORTIFY_SOURCE=3 -Wformat -Werror=format-security         -fstack-clash-protection -fcf-protection -Wp,-D_GLIBCXX_ASSERTIONS -flto=auto -MT src/common/mac/tools_mac_dump_syms_dump_syms_mac-file_id.o -MD -MP -MF src/common/mac/.deps/tools_mac_dump_syms_dump_syms_mac-file_id.Tpo -c -o src/common/mac/tools_mac_dump_syms_dump_syms_mac-file_id.o `test -f 'src/common/mac/file_id.cc' || echo '[REDACTED]'`src/common/mac/file_id.cc
[09:45:56.851] mv -f src/common/mac/.deps/tools_mac_dump_syms_dump_syms_mac-file_id.Tpo src/common/mac/.deps/tools_mac_dump_syms_dump_syms_mac-file_id.Po
[09:45:56.853] g++ -DHAVE_CONFIG_H -I. -I./src  -I./src  -I./src/third_party/mac_headers  -DHAVE_MACH_O_NLIST_H -march=native -O3 -pipe -fno-plt -fexceptions         -Wp,-D_FORTIFY_SOURCE=3 -Wformat -Werror=format-security         -fstack-clash-protection -fcf-protection -Wp,-D_GLIBCXX_ASSERTIONS -flto=auto -MT src/common/mac/tools_mac_dump_syms_dump_syms_mac-macho_id.o -MD -MP -MF src/common/mac/.deps/tools_mac_dump_syms_dump_syms_mac-macho_id.Tpo -c -o src/common/mac/tools_mac_dump_syms_dump_syms_mac-macho_id.o `test -f 'src/common/mac/macho_id.cc' || echo '[REDACTED]'`src/common/mac/macho_id.cc
[09:45:56.934] mv -f src/common/mac/.deps/tools_mac_dump_syms_dump_syms_mac-macho_id.Tpo src/common/mac/.deps/tools_mac_dump_syms_dump_syms_mac-macho_id.Po
[09:45:57.004] g++ -DHAVE_CONFIG_H -I. -I./src  -I./src  -I./src/third_party/mac_headers  -DHAVE_MACH_O_NLIST_H -march=native -O3 -pipe -fno-plt -fexceptions         -Wp,-D_FORTIFY_SOURCE=3 -Wformat -Werror=format-security         -fstack-clash-protection -fcf-protection -Wp,-D_GLIBCXX_ASSERTIONS -flto=auto -MT src/common/mac/tools_mac_dump_syms_dump_syms_mac-macho_reader.o -MD -MP -MF src/common/mac/.deps/tools_mac_dump_syms_dump_syms_mac-macho_reader.Tpo -c -o src/common/mac/tools_mac_dump_syms_dump_syms_mac-macho_reader.o `test -f 'src/common/mac/macho_reader.cc' || echo '[REDACTED]'`src/common/mac/macho_reader.cc
[09:45:57.102] mv -f src/common/dwarf/.deps/tools_linux_dump_syms_dump_syms-dwarf2diehandler.Tpo src/common/dwarf/.deps/tools_linux_dump_syms_dump_syms-dwarf2diehandler.Po
[09:45:57.105] g++ -DHAVE_CONFIG_H -I. -I./src  -I./src  -I./src/third_party/mac_headers  -DHAVE_MACH_O_NLIST_H -march=native -O3 -pipe -fno-plt -fexceptions         -Wp,-D_FORTIFY_SOURCE=3 -Wformat -Werror=format-security         -fstack-clash-protection -fcf-protection -Wp,-D_GLIBCXX_ASSERTIONS -flto=auto -MT src/common/mac/tools_mac_dump_syms_dump_syms_mac-macho_utilities.o -MD -MP -MF src/common/mac/.deps/tools_mac_dump_syms_dump_syms_mac-macho_utilities.Tpo -c -o src/common/mac/tools_mac_dump_syms_dump_syms_mac-macho_utilities.o `test -f 'src/common/mac/macho_utilities.cc' || echo '[REDACTED]'`src/common/mac/macho_utilities.cc
[09:45:57.121] mv -f src/tools/linux/dump_syms/.deps/dump_syms-dump_syms.Tpo src/tools/linux/dump_syms/.deps/dump_syms-dump_syms.Po
[09:45:57.123] g++ -DHAVE_CONFIG_H -I. -I./src  -I./src  -I./src/third_party/mac_headers  -DHAVE_MACH_O_NLIST_H -march=native -O3 -pipe -fno-plt -fexceptions         -Wp,-D_FORTIFY_SOURCE=3 -Wformat -Werror=format-security         -fstack-clash-protection -fcf-protection -Wp,-D_GLIBCXX_ASSERTIONS -flto=auto -MT src/common/mac/tools_mac_dump_syms_dump_syms_mac-macho_walker.o -MD -MP -MF src/common/mac/.deps/tools_mac_dump_syms_dump_syms_mac-macho_walker.Tpo -c -o src/common/mac/tools_mac_dump_syms_dump_syms_mac-macho_walker.o `test -f 'src/common/mac/macho_walker.cc' || echo '[REDACTED]'`src/common/mac/macho_walker.cc
[09:45:57.160] mv -f src/common/mac/.deps/tools_mac_dump_syms_dump_syms_mac-macho_utilities.Tpo src/common/mac/.deps/tools_mac_dump_syms_dump_syms_mac-macho_utilities.Po
[09:45:57.163] g++ -DHAVE_CONFIG_H -I. -I./src  -I./src  -I./src/third_party/mac_headers  -DHAVE_MACH_O_NLIST_H -march=native -O3 -pipe -fno-plt -fexceptions         -Wp,-D_FORTIFY_SOURCE=3 -Wformat -Werror=format-security         -fstack-clash-protection -fcf-protection -Wp,-D_GLIBCXX_ASSERTIONS -flto=auto -MT src/tools/mac/dump_syms/dump_syms_mac-dump_syms_tool.o -MD -MP -MF src/tools/mac/dump_syms/.deps/dump_syms_mac-dump_syms_tool.Tpo -c -o src/tools/mac/dump_syms/dump_syms_mac-dump_syms_tool.o `test -f 'src/tools/mac/dump_syms/dump_syms_tool.cc' || echo '[REDACTED]'`src/tools/mac/dump_syms/dump_syms_tool.cc
[09:45:57.261] mv -f src/common/mac/.deps/tools_mac_dump_syms_dump_syms_mac-macho_walker.Tpo src/common/mac/.deps/tools_mac_dump_syms_dump_syms_mac-macho_walker.Po
[09:45:57.262] depbase=`echo src/tools/linux/core_handler/core_handler.o | sed 's|[^/]*$|.deps/&|;s|\.o$||'`;\
[09:45:57.264] g++ -DHAVE_CONFIG_H -I. -I./src  -I./src   -Wmissing-braces -Wnon-virtual-dtor -Woverloaded-virtual -Wreorder -Wsign-compare -Wunused-local-typedefs -Wunused-variable -Wvla -Werror -fPIC -march=native -O3 -pipe -fno-plt -fexceptions         -Wp,-D_FORTIFY_SOURCE=3 -Wformat -Werror=format-security         -fstack-clash-protection -fcf-protection -Wp,-D_GLIBCXX_ASSERTIONS -flto=auto -MT src/tools/linux/core_handler/core_handler.o -MD -MP -MF $depbase.Tpo -c -o src/tools/linux/core_handler/core_handler.o src/tools/linux/core_handler/core_handler.cc &&\
[09:45:57.264] mv -f $depbase.Tpo $depbase.Po
[09:45:57.523] mv -f src/common/dwarf/.deps/tools_linux_dump_syms_dump_syms-elf_reader.Tpo src/common/dwarf/.deps/tools_linux_dump_syms_dump_syms-elf_reader.Po
[09:45:57.525] rm -f src/third_party/libdisasm/libdisasm.a
[09:45:57.527] ar cr src/third_party/libdisasm/libdisasm.a src/third_party/libdisasm/ia32_implicit.o src/third_party/libdisasm/ia32_insn.o src/third_party/libdisasm/ia32_invariant.o src/third_party/libdisasm/ia32_modrm.o src/third_party/libdisasm/ia32_opcode_tables.o src/third_party/libdisasm/ia32_operand.o src/third_party/libdisasm/ia32_reg.o src/third_party/libdisasm/ia32_settings.o src/third_party/libdisasm/x86_disasm.o src/third_party/libdisasm/x86_format.o src/third_party/libdisasm/x86_imm.o src/third_party/libdisasm/x86_insn.o src/third_party/libdisasm/x86_misc.o src/third_party/libdisasm/x86_operand_list.o 
[09:45:57.553] ranlib src/third_party/libdisasm/libdisasm.a
[09:45:57.558] rm -f src/client/linux/libbreakpad_client.a
[09:45:57.560] ar cr src/client/linux/libbreakpad_client.a src/client/linux/crash_generation/crash_generation_client.o src/client/linux/crash_generation/crash_generation_server.o src/client/linux/dump_writer_common/thread_info.o src/client/linux/dump_writer_common/ucontext_reader.o src/client/linux/handler/exception_handler.o src/client/linux/handler/minidump_descriptor.o src/client/linux/log/log.o src/client/linux/microdump_writer/microdump_writer.o src/client/linux/minidump_writer/linux_core_dumper.o src/client/linux/minidump_writer/linux_dumper.o src/client/linux/minidump_writer/linux_ptrace_dumper.o src/client/linux/minidump_writer/minidump_writer.o src/client/linux/minidump_writer/pe_file.o src/client/minidump_file_writer.o src/common/convert_UTF.o src/common/md5.o src/common/string_conversion.o src/common/linux/elf_core_dump.o src/common/linux/elfutils.o src/common/linux/file_id.o src/common/linux/guid_creator.o src/common/linux/linux_libc_support.o src/common/linux/memory_mapped_file.o src/common/linux/safe_readlink.o  
[09:45:57.581] g++  -Wmissing-braces -Wnon-virtual-dtor -Woverloaded-virtual -Wreorder -Wsign-compare -Wunused-local-typedefs -Wunused-variable -Wvla -Werror -fPIC -march=native -O3 -pipe -fno-plt -fexceptions         -Wp,-D_FORTIFY_SOURCE=3 -Wformat -Werror=format-security         -fstack-clash-protection -fcf-protection -Wp,-D_GLIBCXX_ASSERTIONS -flto=auto  -Wl,-O1 -Wl,--sort-common -Wl,--as-needed -Wl,-z,relro -Wl,-z,now          -Wl,-z,pack-relative-relocs -flto=auto -o src/tools/linux/md2core/minidump-2-core src/common/linux/memory_mapped_file.o src/common/path_helper.o src/tools/linux/md2core/minidump-2-core.o  
[09:45:57.591] ranlib src/client/linux/libbreakpad_client.a
[09:45:57.623] g++  -Wmissing-braces -Wnon-virtual-dtor -Woverloaded-virtual -Wreorder -Wsign-compare -Wunused-local-typedefs -Wunused-variable -Wvla -Werror -fPIC -march=native -O3 -pipe -fno-plt -fexceptions         -Wp,-D_FORTIFY_SOURCE=3 -Wformat -Werror=format-security         -fstack-clash-protection -fcf-protection -Wp,-D_GLIBCXX_ASSERTIONS -flto=auto  -Wl,-O1 -Wl,--sort-common -Wl,--as-needed -Wl,-z,relro -Wl,-z,now          -Wl,-z,pack-relative-relocs -flto=auto -o src/tools/linux/symupload/minidump_upload src/common/linux/http_upload.o src/common/path_helper.o src/tools/linux/symupload/minidump_upload.o -ldl 
[09:45:57.631] g++  -Wmissing-braces -Wnon-virtual-dtor -Woverloaded-virtual -Wreorder -Wsign-compare -Wunused-local-typedefs -Wunused-variable -Wvla -Werror -fPIC -march=native -O3 -pipe -fno-plt -fexceptions         -Wp,-D_FORTIFY_SOURCE=3 -Wformat -Werror=format-security         -fstack-clash-protection -fcf-protection -Wp,-D_GLIBCXX_ASSERTIONS -flto=auto  -Wl,-O1 -Wl,--sort-common -Wl,--as-needed -Wl,-z,relro -Wl,-z,now          -Wl,-z,pack-relative-relocs -flto=auto -o src/tools/linux/core2md/core2md src/tools/linux/core2md/core2md.o src/client/linux/libbreakpad_client.a src/common/path_helper.o 
[09:45:57.678] mv -f src/common/mac/.deps/tools_mac_dump_syms_dump_syms_mac-macho_reader.Tpo src/common/mac/.deps/tools_mac_dump_syms_dump_syms_mac-macho_reader.Po
[09:45:57.683] g++  -Wmissing-braces -Wnon-virtual-dtor -Woverloaded-virtual -Wreorder -Wsign-compare -Wunused-local-typedefs -Wunused-variable -Wvla -Werror -fPIC -march=native -O3 -pipe -fno-plt -fexceptions         -Wp,-D_FORTIFY_SOURCE=3 -Wformat -Werror=format-security         -fstack-clash-protection -fcf-protection -Wp,-D_GLIBCXX_ASSERTIONS -flto=auto  -Wl,-O1 -Wl,--sort-common -Wl,--as-needed -Wl,-z,relro -Wl,-z,now          -Wl,-z,pack-relative-relocs -flto=auto -o src/tools/linux/pid2md/pid2md src/tools/linux/pid2md/pid2md.o src/client/linux/libbreakpad_client.a src/common/path_helper.o 
[09:45:57.715] g++  -Wmissing-braces -Wnon-virtual-dtor -Woverloaded-virtual -Wreorder -Wsign-compare -Wunused-local-typedefs -Wunused-variable -Wvla -Werror -fPIC -march=native -O3 -pipe -fno-plt -fexceptions         -Wp,-D_FORTIFY_SOURCE=3 -Wformat -Werror=format-security         -fstack-clash-protection -fcf-protection -Wp,-D_GLIBCXX_ASSERTIONS -flto=auto  -Wl,-O1 -Wl,--sort-common -Wl,--as-needed -Wl,-z,relro -Wl,-z,now          -Wl,-z,pack-relative-relocs -flto=auto -o src/processor/minidump_dump src/processor/minidump_dump.o src/common/path_helper.o src/processor/basic_code_modules.o src/processor/convert_old_arm64_context.o src/processor/dump_context.o src/processor/dump_object.o src/processor/logging.o src/processor/minidump.o src/processor/pathname_stripper.o src/processor/proc_maps_linux.o 
[09:45:57.980] g++  -Wmissing-braces -Wnon-virtual-dtor -Woverloaded-virtual -Wreorder -Wsign-compare -Wunused-local-typedefs -Wunused-variable -Wvla -Werror -fPIC -march=native -O3 -pipe -fno-plt -fexceptions         -Wp,-D_FORTIFY_SOURCE=3 -Wformat -Werror=format-security         -fstack-clash-protection -fcf-protection -Wp,-D_GLIBCXX_ASSERTIONS -flto=auto  -Wl,-O1 -Wl,--sort-common -Wl,--as-needed -Wl,-z,relro -Wl,-z,now          -Wl,-z,pack-relative-relocs -flto=auto -o src/processor/minidump_stackwalk src/processor/minidump_stackwalk.o src/common/path_helper.o src/processor/basic_code_modules.o src/processor/basic_source_line_resolver.o src/processor/call_stack.o src/processor/cfi_frame_info.o src/processor/convert_old_arm64_context.o src/processor/disassembler_x86.o src/processor/dump_context.o src/processor/dump_object.o src/processor/exploitability.o src/processor/exploitability_linux.o src/processor/exploitability_win.o src/processor/logging.o src/processor/minidump.o src/processor/minidump_processor.o src/processor/pathname_stripper.o src/processor/process_state.o src/processor/proc_maps_linux.o src/processor/simple_symbol_supplier.o src/processor/source_line_resolver_base.o src/processor/stack_frame_cpu.o src/processor/stack_frame_symbolizer.o src/processor/stackwalk_common.o src/processor/stackwalker.o src/processor/stackwalker_address_list.o src/processor/stackwalker_amd64.o src/processor/stackwalker_arm.o src/processor/stackwalker_arm64.o src/processor/stackwalker_mips.o src/processor/stackwalker_ppc.o src/processor/stackwalker_ppc64.o src/processor/stackwalker_riscv.o src/processor/stackwalker_riscv64.o src/processor/stackwalker_sparc.o src/processor/stackwalker_x86.o src/processor/symbolic_constants_win.o src/processor/tokenize.o src/third_party/libdisasm/libdisasm.a src/common/linux/scoped_pipe.o src/common/linux/scoped_tmpfile.o src/processor/disassembler_objdump.o 
[09:45:58.075] rm -f src/libbreakpad.a
[09:45:58.078] ar cr src/libbreakpad.a src/processor/basic_code_modules.o src/processor/basic_source_line_resolver.o src/processor/call_stack.o src/processor/cfi_frame_info.o src/processor/convert_old_arm64_context.o src/processor/disassembler_x86.o src/processor/dump_context.o src/processor/dump_object.o src/processor/exploitability.o src/processor/exploitability_linux.o src/processor/exploitability_win.o src/processor/fast_source_line_resolver.o src/processor/logging.o src/processor/microdump.o src/processor/microdump_processor.o src/processor/minidump.o src/processor/minidump_processor.o src/processor/module_comparer.o src/processor/module_serializer.o src/processor/pathname_stripper.o src/processor/process_state.o src/processor/proc_maps_linux.o src/processor/simple_symbol_supplier.o src/processor/source_line_resolver_base.o src/processor/stack_frame_cpu.o src/processor/stack_frame_symbolizer.o src/processor/stackwalk_common.o src/processor/stackwalker.o src/processor/stackwalker_amd64.o src/processor/stackwalker_arm.o src/processor/stackwalker_arm64.o src/processor/stackwalker_address_list.o src/processor/stackwalker_mips.o src/processor/stackwalker_ppc.o src/processor/stackwalker_ppc64.o src/processor/stackwalker_riscv.o src/processor/stackwalker_riscv64.o src/processor/stackwalker_sparc.o src/processor/stackwalker_x86.o src/processor/symbolic_constants_win.o src/processor/tokenize.o src/common/linux/scoped_pipe.o src/common/linux/scoped_tmpfile.o src/processor/disassembler_objdump.o 
[09:45:58.134] ranlib src/libbreakpad.a
[09:45:58.180] mv -f src/common/dwarf/.deps/tools_linux_dump_syms_dump_syms-dwarf2reader.Tpo src/common/dwarf/.deps/tools_linux_dump_syms_dump_syms-dwarf2reader.Po
[09:45:58.186] g++  -Wmissing-braces -Wnon-virtual-dtor -Woverloaded-virtual -Wreorder -Wsign-compare -Wunused-local-typedefs -Wunused-variable -Wvla -Werror -fPIC -march=native -O3 -pipe -fno-plt -fexceptions         -Wp,-D_FORTIFY_SOURCE=3 -Wformat -Werror=format-security         -fstack-clash-protection -fcf-protection -Wp,-D_GLIBCXX_ASSERTIONS -flto=auto  -Wl,-O1 -Wl,--sort-common -Wl,--as-needed -Wl,-z,relro -Wl,-z,now          -Wl,-z,pack-relative-relocs -flto=auto -o src/processor/microdump_stackwalk src/processor/microdump_stackwalk.o src/common/path_helper.o src/processor/basic_code_modules.o src/processor/basic_source_line_resolver.o src/processor/call_stack.o src/processor/convert_old_arm64_context.o src/processor/cfi_frame_info.o src/processor/disassembler_x86.o src/processor/dump_context.o src/processor/dump_object.o src/processor/logging.o src/processor/microdump.o src/processor/microdump_processor.o src/processor/pathname_stripper.o src/processor/process_state.o src/processor/simple_symbol_supplier.o src/processor/source_line_resolver_base.o src/processor/stack_frame_cpu.o src/processor/stack_frame_symbolizer.o src/processor/stackwalk_common.o src/processor/stackwalker.o src/processor/stackwalker_address_list.o src/processor/stackwalker_amd64.o src/processor/stackwalker_arm.o src/processor/stackwalker_arm64.o src/processor/stackwalker_mips.o src/processor/stackwalker_ppc.o src/processor/stackwalker_ppc64.o src/processor/stackwalker_riscv.o src/processor/stackwalker_riscv64.o src/processor/stackwalker_sparc.o src/processor/stackwalker_x86.o src/processor/tokenize.o src/third_party/libdisasm/libdisasm.a src/common/linux/scoped_pipe.o src/common/linux/scoped_tmpfile.o src/processor/disassembler_objdump.o 
[09:45:58.212] g++   -march=native -O3 -pipe -fno-plt -fexceptions         -Wp,-D_FORTIFY_SOURCE=3 -Wformat -Werror=format-security         -fstack-clash-protection -fcf-protection -Wp,-D_GLIBCXX_ASSERTIONS -flto=auto  -Wl,-O1 -Wl,--sort-common -Wl,--as-needed -Wl,-z,relro -Wl,-z,now          -Wl,-z,pack-relative-relocs -flto=auto -o src/tools/linux/dump_syms/dump_syms src/common/tools_linux_dump_syms_dump_syms-dwarf_cfi_to_module.o src/common/tools_linux_dump_syms_dump_syms-dwarf_cu_to_module.o src/common/tools_linux_dump_syms_dump_syms-dwarf_line_to_module.o src/common/tools_linux_dump_syms_dump_syms-dwarf_range_list_handler.o src/common/tools_linux_dump_syms_dump_syms-language.o src/common/tools_linux_dump_syms_dump_syms-module.o src/common/tools_linux_dump_syms_dump_syms-path_helper.o src/common/tools_linux_dump_syms_dump_syms-stabs_reader.o src/common/tools_linux_dump_syms_dump_syms-stabs_to_module.o src/common/dwarf/tools_linux_dump_syms_dump_syms-bytereader.o src/common/dwarf/tools_linux_dump_syms_dump_syms-dwarf2diehandler.o src/common/dwarf/tools_linux_dump_syms_dump_syms-dwarf2reader.o src/common/dwarf/tools_linux_dump_syms_dump_syms-elf_reader.o src/common/linux/tools_linux_dump_syms_dump_syms-crc32.o src/common/linux/tools_linux_dump_syms_dump_syms-dump_symbols.o src/common/linux/tools_linux_dump_syms_dump_syms-elf_symbols_to_module.o src/common/linux/tools_linux_dump_syms_dump_syms-elfutils.o src/common/linux/tools_linux_dump_syms_dump_syms-file_id.o src/common/linux/tools_linux_dump_syms_dump_syms-linux_libc_support.o src/common/linux/tools_linux_dump_syms_dump_syms-memory_mapped_file.o src/common/linux/tools_linux_dump_syms_dump_syms-safe_readlink.o src/tools/linux/dump_syms/dump_syms-dump_syms.o   -lz 
[09:45:58.264] g++  -Wmissing-braces -Wnon-virtual-dtor -Woverloaded-virtual -Wreorder -Wsign-compare -Wunused-local-typedefs -Wunused-variable -Wvla -Werror -fPIC -march=native -O3 -pipe -fno-plt -fexceptions         -Wp,-D_FORTIFY_SOURCE=3 -Wformat -Werror=format-security         -fstack-clash-protection -fcf-protection -Wp,-D_GLIBCXX_ASSERTIONS -flto=auto  -Wl,-O1 -Wl,--sort-common -Wl,--as-needed -Wl,-z,relro -Wl,-z,now          -Wl,-z,pack-relative-relocs -flto=auto -o src/tools/linux/core_handler/core_handler src/tools/linux/core_handler/core_handler.o src/client/linux/libbreakpad_client.a src/common/path_helper.o 
[09:45:58.639] mv -f src/common/mac/.deps/tools_mac_dump_syms_dump_syms_mac-dump_syms.Tpo src/common/mac/.deps/tools_mac_dump_syms_dump_syms_mac-dump_syms.Po
[09:45:58.658] mv -f src/tools/mac/dump_syms/.deps/dump_syms_mac-dump_syms_tool.Tpo src/tools/mac/dump_syms/.deps/dump_syms_mac-dump_syms_tool.Po
[09:46:01.482] g++ -I./src/third_party/mac_headers  -DHAVE_MACH_O_NLIST_H -march=native -O3 -pipe -fno-plt -fexceptions         -Wp,-D_FORTIFY_SOURCE=3 -Wformat -Werror=format-security         -fstack-clash-protection -fcf-protection -Wp,-D_GLIBCXX_ASSERTIONS -flto=auto  -Wl,-O1 -Wl,--sort-common -Wl,--as-needed -Wl,-z,relro -Wl,-z,now          -Wl,-z,pack-relative-relocs -flto=auto -o src/tools/mac/dump_syms/dump_syms_mac src/common/tools_mac_dump_syms_dump_syms_mac-dwarf_cfi_to_module.o src/common/tools_mac_dump_syms_dump_syms_mac-dwarf_cu_to_module.o src/common/tools_mac_dump_syms_dump_syms_mac-dwarf_line_to_module.o src/common/tools_mac_dump_syms_dump_syms_mac-dwarf_range_list_handler.o src/common/tools_mac_dump_syms_dump_syms_mac-language.o src/common/tools_mac_dump_syms_dump_syms_mac-md5.o src/common/tools_mac_dump_syms_dump_syms_mac-module.o src/common/tools_mac_dump_syms_dump_syms_mac-path_helper.o src/common/tools_mac_dump_syms_dump_syms_mac-stabs_reader.o src/common/tools_mac_dump_syms_dump_syms_mac-stabs_to_module.o src/common/dwarf/tools_mac_dump_syms_dump_syms_mac-bytereader.o src/common/dwarf/tools_mac_dump_syms_dump_syms_mac-dwarf2diehandler.o src/common/dwarf/tools_mac_dump_syms_dump_syms_mac-dwarf2reader.o src/common/dwarf/tools_mac_dump_syms_dump_syms_mac-elf_reader.o src/common/mac/tools_mac_dump_syms_dump_syms_mac-arch_utilities.o src/common/mac/tools_mac_dump_syms_dump_syms_mac-dump_syms.o src/common/mac/tools_mac_dump_syms_dump_syms_mac-file_id.o src/common/mac/tools_mac_dump_syms_dump_syms_mac-macho_id.o src/common/mac/tools_mac_dump_syms_dump_syms_mac-macho_reader.o src/common/mac/tools_mac_dump_syms_dump_syms_mac-macho_utilities.o src/common/mac/tools_mac_dump_syms_dump_syms_mac-macho_walker.o src/tools/mac/dump_syms/dump_syms_mac-dump_syms_tool.o  
[09:46:06.826] ==> Entering fakeroot environment...
[09:46:09.762] ==> Starting package()...
[09:46:09.975] make[1]: Entering directory '/home/deekshith/.cache/dankinstall/aur-builds/google-breakpad/google-breakpad/src'
[09:46:10.024]  /usr/bin/mkdir -p '/home/deekshith/.cache/dankinstall/aur-builds/google-breakpad/google-breakpad/pkg/google-breakpad/usr/share/doc/breakpad-0.1'
[09:46:10.025]  /usr/bin/mkdir -p '/home/deekshith/.cache/dankinstall/aur-builds/google-breakpad/google-breakpad/pkg/google-breakpad/usr/include/breakpad/common'
[09:46:10.027]  /usr/bin/mkdir -p '/home/deekshith/.cache/dankinstall/aur-builds/google-breakpad/google-breakpad/pkg/google-breakpad/usr/include/breakpad/common/linux'
[09:46:10.027]  /usr/bin/mkdir -p '/home/deekshith/.cache/dankinstall/aur-builds/google-breakpad/google-breakpad/pkg/google-breakpad/usr/include/breakpad/client/linux/crash_generation'
[09:46:10.028]  /usr/bin/mkdir -p '/home/deekshith/.cache/dankinstall/aur-builds/google-breakpad/google-breakpad/pkg/google-breakpad/usr/include/breakpad/client/linux/dump_writer_common'
[09:46:10.028]  /usr/bin/mkdir -p '/home/deekshith/.cache/dankinstall/aur-builds/google-breakpad/google-breakpad/pkg/google-breakpad/usr/include/breakpad/client/linux/handler'
[09:46:10.034]  /usr/bin/install -c -m 644 AUTHORS ChangeLog INSTALL LICENSE NEWS README.md '/home/deekshith/.cache/dankinstall/aur-builds/google-breakpad/google-breakpad/pkg/google-breakpad/usr/share/doc/breakpad-0.1'
[09:46:10.034]  /usr/bin/mkdir -p '/home/deekshith/.cache/dankinstall/aur-builds/google-breakpad/google-breakpad/pkg/google-breakpad/usr/include/breakpad/client/linux/minidump_writer'
[09:46:10.034]  /usr/bin/mkdir -p '/home/deekshith/.cache/dankinstall/aur-builds/google-breakpad/google-breakpad/pkg/google-breakpad/usr/include/breakpad/google_breakpad/common'
[09:46:10.035]  /usr/bin/mkdir -p '/home/deekshith/.cache/dankinstall/aur-builds/google-breakpad/google-breakpad/pkg/google-breakpad/usr/include/breakpad/third_party/lss'
[09:46:10.035]  /usr/bin/install -c -m 644 ./src/client/linux/crash_generation/client_info.h ./src/client/linux/crash_generation/crash_generation_client.h ./src/client/linux/crash_generation/crash_generation_server.h '/home/deekshith/.cache/dankinstall/aur-builds/google-breakpad/google-breakpad/pkg/google-breakpad/usr/include/breakpad/client/linux/crash_generation'
[09:46:10.037]  /usr/bin/mkdir -p '/home/deekshith/.cache/dankinstall/aur-builds/google-breakpad/google-breakpad/pkg/google-breakpad/usr/include/breakpad/processor'
[09:46:10.037]  /usr/bin/install -c -m 644 ./src/client/linux/dump_writer_common/mapping_info.h ./src/client/linux/dump_writer_common/raw_context_cpu.h ./src/client/linux/dump_writer_common/thread_info.h ./src/client/linux/dump_writer_common/ucontext_reader.h '/home/deekshith/.cache/dankinstall/aur-builds/google-breakpad/google-breakpad/pkg/google-breakpad/usr/include/breakpad/client/linux/dump_writer_common'
[09:46:10.037]  /usr/bin/mkdir -p '/home/deekshith/.cache/dankinstall/aur-builds/google-breakpad/google-breakpad/pkg/google-breakpad/usr/lib/pkgconfig'
[09:46:10.039]  /usr/bin/mkdir -p '/home/deekshith/.cache/dankinstall/aur-builds/google-breakpad/google-breakpad/pkg/google-breakpad/usr/bin'
[09:46:10.039]  /usr/bin/install -c -m 644 ./src/client/linux/handler/exception_handler.h ./src/client/linux/handler/microdump_extra_info.h ./src/client/linux/handler/minidump_descriptor.h '/home/deekshith/.cache/dankinstall/aur-builds/google-breakpad/google-breakpad/pkg/google-breakpad/usr/include/breakpad/client/linux/handler'
[09:46:10.049]  /usr/bin/install -c -m 644 ./src/third_party/lss/linux_syscall_support.h '/home/deekshith/.cache/dankinstall/aur-builds/google-breakpad/google-breakpad/pkg/google-breakpad/usr/include/breakpad/third_party/lss'
[09:46:10.050]  /usr/bin/install -c -m 644 breakpad.pc breakpad-client.pc '/home/deekshith/.cache/dankinstall/aur-builds/google-breakpad/google-breakpad/pkg/google-breakpad/usr/lib/pkgconfig'
[09:46:10.052]  /usr/bin/install -c -m 644 ./src/common/linux/breakpad_getcontext.h ./src/common/linux/crc32.h ./src/common/linux/dump_symbols.h ./src/common/linux/eintr_wrapper.h ./src/common/linux/elf_core_dump.h ./src/common/linux/elf_gnu_compat.h ./src/common/linux/elf_symbols_to_module.h ./src/common/linux/elfutils.h ./src/common/linux/elfutils-inl.h ./src/common/linux/file_id.h ./src/common/linux/google_crashdump_uploader.h ./src/common/linux/guid_creator.h ./src/common/linux/http_upload.h ./src/common/linux/ignore_ret.h ./src/common/linux/libcurl_wrapper.h ./src/common/linux/linux_libc_support.h ./src/common/linux/memory_mapped_file.h ./src/common/linux/safe_readlink.h ./src/common/linux/scoped_pipe.h ./src/common/linux/scoped_tmpfile.h ./src/common/linux/symbol_collector_client.h ./src/common/linux/symbol_upload.h ./src/common/linux/synth_elf.h ./src/common/linux/ucontext_constants.h '/home/deekshith/.cache/dankinstall/aur-builds/google-breakpad/google-breakpad/pkg/google-breakpad/usr/include/breakpad/common/linux'
[09:46:10.052]  /usr/bin/install -c -m 644 ./src/client/linux/minidump_writer/cpu_set.h ./src/client/linux/minidump_writer/directory_reader.h ./src/client/linux/minidump_writer/line_reader.h ./src/client/linux/minidump_writer/linux_core_dumper.h ./src/client/linux/minidump_writer/linux_dumper.h ./src/client/linux/minidump_writer/linux_ptrace_dumper.h ./src/client/linux/minidump_writer/minidump_writer.h ./src/client/linux/minidump_writer/minidump_writer_unittest_utils.h ./src/client/linux/minidump_writer/pe_file.h ./src/client/linux/minidump_writer/pe_structs.h ./src/client/linux/minidump_writer/proc_cpuinfo_reader.h '/home/deekshith/.cache/dankinstall/aur-builds/google-breakpad/google-breakpad/pkg/google-breakpad/usr/include/breakpad/client/linux/minidump_writer'
[09:46:10.054]  /usr/bin/install -c -m 644 ./src/common/basictypes.h ./src/common/byte_cursor.h ./src/common/convert_UTF.h ./src/common/dwarf_cfi_to_module.h ./src/common/dwarf_cu_to_module.h ./src/common/dwarf_line_to_module.h ./src/common/dwarf_range_list_handler.h ./src/common/language.h ./src/common/long_string_dictionary.h ./src/common/macros.h ./src/common/md5.h ./src/common/memory_allocator.h ./src/common/memory_range.h ./src/common/minidump_type_helper.h ./src/common/module.h ./src/common/path_helper.h ./src/common/safe_math.h ./src/common/scoped_ptr.h ./src/common/simple_string_dictionary.h ./src/common/stabs_reader.h ./src/common/stabs_to_module.h ./src/common/stdio_wrapper.h ./src/common/string_conversion.h ./src/common/string_view.h ./src/common/symbol_data.h ./src/common/test_assembler.h ./src/common/unordered.h ./src/common/using_std_string.h '/home/deekshith/.cache/dankinstall/aur-builds/google-breakpad/google-breakpad/pkg/google-breakpad/usr/include/breakpad/common'
[09:46:10.057]  /usr/bin/install -c -m 644 ./src/google_breakpad/common/breakpad_types.h ./src/google_breakpad/common/minidump_cpu_amd64.h ./src/google_breakpad/common/minidump_cpu_arm64.h ./src/google_breakpad/common/minidump_cpu_arm.h ./src/google_breakpad/common/minidump_cpu_mips.h ./src/google_breakpad/common/minidump_cpu_ppc64.h ./src/google_breakpad/common/minidump_cpu_ppc.h ./src/google_breakpad/common/minidump_cpu_riscv.h ./src/google_breakpad/common/minidump_cpu_sparc.h ./src/google_breakpad/common/minidump_cpu_x86.h ./src/google_breakpad/common/minidump_exception_fuchsia.h ./src/google_breakpad/common/minidump_exception_linux.h ./src/google_breakpad/common/minidump_exception_mac.h ./src/google_breakpad/common/minidump_exception_ps3.h ./src/google_breakpad/common/minidump_exception_solaris.h ./src/google_breakpad/common/minidump_exception_win32.h ./src/google_breakpad/common/minidump_format.h ./src/google_breakpad/common/minidump_size.h '/home/deekshith/.cache/dankinstall/aur-builds/google-breakpad/google-breakpad/pkg/google-breakpad/usr/include/breakpad/google_breakpad/common'
[09:46:10.057]   /usr/bin/install -c src/processor/microdump_stackwalk src/processor/minidump_dump src/processor/minidump_stackwalk src/tools/linux/core2md/core2md src/tools/linux/pid2md/pid2md src/tools/linux/dump_syms/dump_syms src/tools/linux/md2core/minidump-2-core src/tools/linux/symupload/minidump_upload src/tools/linux/symupload/sym_upload src/tools/mac/dump_syms/dump_syms_mac '/home/deekshith/.cache/dankinstall/aur-builds/google-breakpad/google-breakpad/pkg/google-breakpad/usr/bin'
[09:46:10.063]  /usr/bin/mkdir -p '/home/deekshith/.cache/dankinstall/aur-builds/google-breakpad/google-breakpad/pkg/google-breakpad/usr/lib'
[09:46:10.065]  /usr/bin/mkdir -p '/home/deekshith/.cache/dankinstall/aur-builds/google-breakpad/google-breakpad/pkg/google-breakpad/usr/lib/google-breakpad'
[09:46:10.066]  /usr/bin/install -c -m 644  src/libbreakpad.a src/client/linux/libbreakpad_client.a '/home/deekshith/.cache/dankinstall/aur-builds/google-breakpad/google-breakpad/pkg/google-breakpad/usr/lib'
[09:46:10.067]  /usr/bin/install -c -m 644 ./src/processor/address_map.h ./src/processor/address_map-inl.h ./src/processor/basic_code_module.h ./src/processor/basic_code_modules.h ./src/processor/basic_source_line_resolver_types.h ./src/processor/cfi_frame_info.h ./src/processor/cfi_frame_info-inl.h ./src/processor/contained_range_map.h ./src/processor/contained_range_map-inl.h ./src/processor/convert_old_arm64_context.h ./src/processor/disassembler_objdump.h ./src/processor/disassembler_x86.h ./src/processor/exploitability_linux.h ./src/processor/exploitability_win.h ./src/processor/fast_source_line_resolver_types.h ./src/processor/linked_ptr.h ./src/processor/logging.h ./src/processor/map_serializers.h ./src/processor/map_serializers-inl.h ./src/processor/module_comparer.h ./src/processor/module_factory.h ./src/processor/module_serializer.h ./src/processor/pathname_stripper.h ./src/processor/postfix_evaluator.h ./src/processor/postfix_evaluator-inl.h ./src/processor/range_map.h ./src/processor/range_map-inl.h ./src/processor/simple_serializer.h ./src/processor/simple_serializer-inl.h ./src/processor/simple_symbol_supplier.h ./src/processor/source_line_resolver_base_types.h ./src/processor/stackwalk_common.h ./src/processor/stackwalker_address_list.h ./src/processor/stackwalker_amd64.h ./src/processor/stackwalker_arm64.h ./src/processor/stackwalker_arm.h ./src/processor/stackwalker_mips.h ./src/processor/stackwalker_ppc64.h ./src/processor/stackwalker_ppc.h ./src/processor/stackwalker_riscv64.h '/home/deekshith/.cache/dankinstall/aur-builds/google-breakpad/google-breakpad/pkg/google-breakpad/usr/include/breakpad/processor'
[09:46:10.080]   /usr/bin/install -c src/tools/linux/core_handler/core_handler '/home/deekshith/.cache/dankinstall/aur-builds/google-breakpad/google-breakpad/pkg/google-breakpad/usr/lib/google-breakpad'
[09:46:10.085]  ( cd '/home/deekshith/.cache/dankinstall/aur-builds/google-breakpad/google-breakpad/pkg/google-breakpad/usr/lib' && ranlib libbreakpad.a )
[09:46:10.113]  /usr/bin/install -c -m 644 ./src/processor/stackwalker_riscv.h ./src/processor/stackwalker_sparc.h ./src/processor/stackwalker_unittest_utils.h ./src/processor/stackwalker_x86.h ./src/processor/static_address_map.h ./src/processor/static_address_map-inl.h ./src/processor/static_contained_range_map.h ./src/processor/static_contained_range_map-inl.h ./src/processor/static_map.h ./src/processor/static_map-inl.h ./src/processor/static_map_iterator.h ./src/processor/static_map_iterator-inl.h ./src/processor/static_range_map.h ./src/processor/static_range_map-inl.h ./src/processor/symbolic_constants_win.h ./src/processor/synth_minidump.h ./src/processor/synth_minidump_unittest_data.h ./src/processor/tokenize.h ./src/processor/windows_frame_info.h '/home/deekshith/.cache/dankinstall/aur-builds/google-breakpad/google-breakpad/pkg/google-breakpad/usr/include/breakpad/processor'
[09:46:10.166]  ( cd '/home/deekshith/.cache/dankinstall/aur-builds/google-breakpad/google-breakpad/pkg/google-breakpad/usr/lib' && ranlib libbreakpad_client.a )
[09:46:10.189] make[1]: Leaving directory '/home/deekshith/.cache/dankinstall/aur-builds/google-breakpad/google-breakpad/src'
[09:46:10.197] ==> Tidying install...
[09:46:10.199]   -> Removing libtool files...
[09:46:10.210]   -> Purging unwanted files...
[09:46:10.228]   -> Compressing man and info pages...
[09:46:10.235] ==> Checking for packaging issues...
[09:46:10.331] ==> Creating package "google-breakpad"...
[09:46:10.333]   -> Generating .PKGINFO file...
[09:46:10.380]   -> Generating .BUILDINFO file...
[09:46:10.960]   -> Generating .MTREE file...
[09:46:11.009]   -> Compressing package...
[09:46:11.044] ==> Leaving fakeroot environment.
[09:46:11.049] ==> Finished making: google-breakpad v2024.02.16-2 (Thursday 19 March 2026 09:46:11 AM)
[09:46:11.180] loading packages...
[09:46:11.180] resolving dependencies...
[09:46:11.183] looking for conflicting packages...
[09:46:11.199] 
[09:46:11.199] Package (1)      New Version    Net Change
[09:46:11.199] 
[09:46:11.199] google-breakpad  v2024.02.16-2   14.44 MiB
[09:46:11.199] 
[09:46:11.199] Total Installed Size:  14.44 MiB
[09:46:11.199] 
[09:46:11.203] :: Proceed with installation? [Y/n] 
[09:46:11.203] checking keyring...
[09:46:11.203] checking package integrity...
[09:46:11.203] loading package files...
[09:46:11.203] checking for file conflicts...
[09:46:11.204] :: Running pre-transaction hooks...
[09:46:11.204] (1/1) Performing snapper pre snapshots for the following configurations...
[09:46:11.343] ==> root: 102
[09:46:11.362] :: Processing package changes...
[09:46:11.362] installing google-breakpad...
[09:46:11.581] :: Running post-transaction hooks...
[09:46:11.581] (1/2) Arming ConditionNeedsUpdate...
[09:46:11.590] (2/2) Performing snapper post snapshots for the following configurations...
[09:46:11.722] ==> root: 103
[09:46:11.752] Successfully installed AUR package: google-breakpad
[09:46:11.810] Cloning into '/home/deekshith/.cache/dankinstall/aur-builds/quickshell-git/quickshell-git'...
[09:46:14.411] warning: qt6-declarative-6.10.2-1.1 is up to date -- skipping
[09:46:14.411] warning: qt6-base-6.10.2-1.1 is up to date -- skipping
[09:46:14.411] warning: jemalloc-1:5.3.0-7.1 is up to date -- skipping
[09:46:14.411] warning: qt6-svg-6.10.2-1.1 is up to date -- skipping
[09:46:14.411] warning: libpipewire-1:1.6.2-1.1 is up to date -- skipping
[09:46:14.411] warning: libxcb-1.17.0-1.2 is up to date -- skipping
[09:46:14.411] warning: wayland-1.24.0-1.1 is up to date -- skipping
[09:46:14.411] warning: libdrm-2.4.131-1.1 is up to date -- skipping
[09:46:14.425] warning: mesa-2:26.0.2-3 is up to date -- skipping
[09:46:14.748] error: target not found: cpptrace
[09:46:14.748] warning: polkit-127-3.1 is up to date -- skipping
[09:46:14.791] ERROR: Command execution failed: exit status 1
[09:46:14.791] Last output before failure: warning: polkit-127-3.1 is up to date -- skipping
[09:46:14.792] [DEBUG] Sending completion signal: step=Installation error: failed to install AUR packages: failed to install AUR package quickshell-git: FAILED to install runtime dependencies for quickshell-git: exit status 1, progress=0.00
[09:46:14.792] [DEBUG] Installer channel closed

=== DankInstall Log End ===
Completed: 2026-03-19T09:46:20+05:30
